"Sex","Age","Quarter","Albania","Argentina","Armenia","Australia","Austria","Belgium","Bangladesh","Bulgaria","Bosnia and Herzegovina","Belize","Bolivia","Brazil","Botswana","Canada","Switzerland","Chile","Colombia","Costa Rica","Cyprus","Czechia","Germany","Denmark","Dominican Republic","Ecuador","Egypt","Spain","Estonia","Finland","France","United Kingdom","Georgia","Greece","Grenada","Guatemala","Guyana","Croatia","Hungary","Indonesia","India","Ireland","Iran, Islamic Republic of","Iceland","Israel","Italy","Jamaica","Jordan","Japan","Kenya","Kyrgyzstan","Korea, Republic of","Kosovo","Saint Lucia","Sri Lanka","Lithuania","Luxembourg","Latvia","Macau, China","Moldova, Republic of","Mexico","North Macedonia","Malta","Myanmar","Montenegro","Mongolia","Mauritius","Nigeria","Nicaragua","Netherlands","Norway","New Zealand","Pakistan","Peru","Philippines","Poland","Portugal","Paraguay","Occupied Palestinian Territory","Romania","Russian Federation","Rwanda","Saudi Arabia","Senegal","Singapore","Serbia","Slovakia","Slovenia","Sweden","Seychelles","Thailand","Trinidad and Tobago","Tunisia","Türkiye","Taiwan, China","Uruguay","United States","Venezuela, Bolivarian Republic of","Viet Nam","Yemen","South Africa","Zambia","Zimbabwe"
"Total","Total","2019Q4","11.2","8.9","10.4","4.9","4.2","5.2",,"4.1",,,"3.6","11","20.3","5.2","3.9","7.4","9.2","11.4","6.4","2","3.1","4.9","6","3.4","8","13.8","4.2","6","8.4","3.6","10.9","16.5","10.4","1.9","13.4","7.2","3.3",,"6","4.5","10.8","3.2","3.7","9.9","4.7","16.1","2.2","4.3","4.8","3.1","25.3","15","4.4","6.4","5.8","6","1.7","1.3","3.4","16.9","3.5",,"15.9","7.6","5.9",,,"3.3","3.7","4.1",,"3","2.1","2.9","6.8","5.9","24","3.9","4.5",,"5.7","3.8",,"9.7","5.6","4","6.3","2.3","0.7","3.5",,"13.3","3.7","8.7","3.3",,"1.6",,"25.6",,
"Total","Total","2019Q3","11.3","9.7","9.2","5.2","4.5","5.3",,"3.7",,"10.4","3.2","11.8","19.9","5.8","4.6","7.6","10.5","10.4","6.9","2.1","3.1","5","6.7","4.2","7.8","13.9","4","6","8.2","3.9","11.1","16.2","10",,"13.1","5.7","3.5","3.9","6.1","5.2","10.8","3.4","3.8","9.1","5.3","15.4","2.4",,"3.3","3.3","23.8","15.8","5","6.1","5.9","6","1.9","1.4","3.7","17.1","3.7","0.6","15.2","9.4","6.7",,,"3.2","3.8","4",,"3.6","2.6","3.1","6.2","6.2","24.6","3.8","4.3",,"5.5","2.7",,"9.5","5.9","4.8","6.6","2.4","0.8","3.4",,"14","3.8","9.1","3.7",,"1.7",,"26.3",,
"Total","Total","2019Q2","11.4","10.7","12.1","5.2","4.5","5.3",,"4.2",,"7.6","3.5","12.1",,"5.6","4.2","7.5","9.9","11.2","6.5","1.9","3.1","4.7","6.6","3.7","7.5","14","5.2","7.7","8","3.7","11.4","16.9","10.4","2.5","14.2","6.1","3.3",,"7","5.4","10.5","4.3","3.6","9.8","4.9","17.7","2.4",,"3.3","4.1","24.9","17.1","4.7","6.2","5.3","6.4","1.7","1.4","3.5","17.6","3.6",,"14.3","9.4","6.1",,,"3.3","3.4","3.9","4.7","3.3","2.2","3.2","6.3","7.5","26","3.8","4.5",,"5.6","2.2",,"10.3","5.7","4.2","7.1","3.6","0.7","3.9",,"12.8","3.7","8.7","3.5",,"1.7",,"25.9",,
"Total","Total","2019Q1","12","10.1","17.7","5.4","5","5.6",,"5",,,"4.4","12.8",,"6.1","4.9","7.6","11.5","10.2","8.8","2","3.4","5.5","6","3.9","8.1","14.7","4.7","7.1","9","3.7","12.8","18.6","9.8",,"13.4","7.6","3.6","3.3","7.1","4.8","10.9","3","3.8","11.1","5","18.1","2.4","6.8","5.7","4.5","26.5","14.7","4.6","6.5","5.4","6.9","1.7","1.9","3.3","18.1","3.7","0.2","15","10.5","6.6",,,"3.7","3.8","4.4","5.4","4.5","2","3.9","6.8","6.8","26.8","4.1","4.7",,"5.7","2.9",,"12.1","5.8","4.8","7.3","3.5","0.7","3.3",,"14.7","3.7","8.6","4.1",,"1.7",,"24.3",,
"Total","Total","2018Q4","12.2","9.1","11.9","4.8","4.7","5.7",,"4.7",,,"3","11.7",,"5.2","4.6","7.4","8.8","11","7.6","2","3.2","5.1","6.1","3","8.9","14.5","4.5","6","9","3.8","12.3","18.6",,"1.9","13.7","8.6","3.6",,"7.9","5.4","12","2.4","4.2","10.8","4.9","18","2.4",,"3.3","3.4","29.5","15.4","4.5","6","5.3","6.9","1.7","1.2","3.2","20","3.6",,"16.1","4.5","6.1",,,"3.5","3.5","4.4","4.8","3","2.2","3.8","6.8","5.5","24.2","4.1","4.8",,"6",,,"12.9","6.1","4.3","5.9","2","0.7",,,"12.3","3.7","8.1","3.6",,"1",,"24.2",,
"Total","Total","2018Q3","12.2","9","10.2","5.1","5","5.9",,"5",,,"3.3","12",,"6","4.4","7.7","9.2","9","8.1","2.3","3.3","5","5.8","3.5","10","14.6","5.2","6.5","8.8","4.2","12.2","17.9",,,"14.2","7.3","3.8","4.6","7.5","6","12.1","2.2","4.2","9.4","5.1","18.2","2.5",,"3.1","3.8","28.5","19.8","4","5.6","6.1","7","1.7","1","3.4","21","3.6","0.6","14.1","5","6.5",,,"3.6","4","3.9","4.5","3.7","2.3","3.8","6.8","6","26.9","3.9","4.6","11","6",,,"11.3","6.4","5","6","3.3","0.7",,,"11.1","3.8","8.5","3.9",,"1.1",,"24.9",,
"Total","Total","2018Q2","12.4","9.6","14.6","5.4","4.7","6.1",,"5.5",,"9.3","3.5","12.5",,"5.9","4.6","7.7","9","7.2","7.5","2.2","3.5","4.9","6.1","3.6","9.9","15.3","5.1","8.2","8.7","3.9","12.1","18.9",,"2.6","13.6","7.6","3.6",,"8","6","12.1","3.4","3.8","10.7","6.4","18.6","2.4",,"3.4","3.9","27.5","21.6","4.4","5.9","5.5","7.7","1.8","1.3","3.3","21.5","3.7",,"14.5","5.3","6.4",,,"3.9","3.8","4.4","4.4","3.5","2.4","3.6","6.8","6","27.4","4.1","4.8",,"6",,,"12","6.6","5.2","6.9","4.8","0.8",,,"9.7","3.7","8","3.8",,"1.2",,"24.5",,
"Total","Total","2018Q1","12.5","9.2","16.4","6","5.3","6.2",,"5.7",,,"4.3","13.2",,"6.3","5.2","7.8","10.5","8.8","10.8","2.4","3.6","5.5","5.5","4","10.6","16.8","6.8","8.8","9.6","4.2","14","21.1",,,"14.6","10.4","3.9","4.2","7.3","5.7","12.5","2.9","3.5","11.6","5.5","18.3","2.5",,"5","4.3","25.3","20.5","4.3","7.2","5.5","8.2","1.9","1.5","3.1","22.3","3.8","0.9","16.2","6.6","6.6",,,"4.4","3.9","4.6","4.9","4.6","2.4","4.2","8","7.3","26.5","4.7","5.1","10.5","6.1",,,"14.9","7.1","5.9","6.7","4","0.9",,,"10.6","3.7","8.8","4.3",,"1.2",,"23.3",,
"Total","Total","2017Q4","13.2","7.2","17.9","5.2","5.4","6.4",,"5.6",,,"3.2","11.9",,"5.7","4.5","6.8","8.3","7.9","10.2","2.4","3.5","5.2","5.4","3.8","11.9","16.6","5.6","7.6","9.3","4.2","13.6","21.3",,"2","12.1","10.9","3.8",,"6.8","6.1","12.3","2.6","4.1","11.2","6.5","18.9","2.6",,"2.4","3.2","30.5","21.7","3.8","6.7","5.2","8.1","1.9","1.4","3.3","22.3","4",,"17.1","5.3","6.2",,,"4.3","3.7","4.4","3.4","3.2","2.1","4.5","8.2","5.4","25","4.7","5.1",,"6","3.3",,"14.7","7.8","5.8","6.1","3","0.7",,,"10.3","3.7","7.5","3.9",,"1.6",,"23.5","9.8",
"Total","Total","2017Q3","13.6","8.3","16.4","5.4","5.5","7.2",,"5.9",,"7.3","3.2","12.5",,"6.4","5","7.3","9","7.8","10.1","2.8","3.6","6","5.9","3.7","12.7","16.4","5.2","7.7","9.3","4.4","12.6","20.2",,,"12","9","4.1","4.5","7.2","6.9","12","2.2","4.2","10.6","7.1","17.5","2.8",,"2","3.4","30","16.2","4.1","6.6","5.5","8.5","2","1.7","3.5","22.4","4","0.8","14.9","6.3","6.7",,,"4.5","4.1","4.6","3.7","3.6","2.4","4.7","8.6","5.5","27","4.7","5","12.7","5.8","3",,"12.9","8","6.3","6.3","3.9","0.9",,,"10.5","3.8","7.7","4.4",,"1.9",,"25","10.6",
"Total","Total","2017Q2","13.4","8.7","17.7","5.5","5.4","7","4.4","6.3",,"5.9","4.2","13",,"6.5","4.4","7.6","8.8","7.5","10.7","3","3.8","5.6","5.6","4","11.7","17.2","6.7","9.9","9.1","4.3","14.2","21",,"2.2",,"11","4.3",,,"6.9","12.1","3.4","4.1","11","7.8","17.8","3",,"2.3","4","30.5","20.1","4.3","7","5.3","8.9","2","1.3","3.4","22.9","3.9",,"15.1","7.1","6.8",,,"5","4.4","4.7",,"4.1","2.8","5","9","7.5","26.5","4.8","5.2",,"6",,,"11.8","8.1","6.4","7.3","3.8","0.9",,,"10.1","3.7","8.1","4.2",,"1.7",,"24.6","9.2",
"Total","Total","2017Q1","14.3","9.2","18.9","6.2","6","7.7","4.6","6.9",,,"4","13.8",,"7.2","5.3","7.4","10.3","7.7","13.7","3.4","4.1","6.5","6.4","3.9","10.8","18.8","5.8","9.3","10","4.5","15.4","23.2",,"3.1",,"14.1","4.5","3.1",,"7.1","12.5","2.8","4.1","12.2","8.2","18.2","2.9",,"3.8","4.2","30.4","18.7","4","8.1","6.1","9.4","2","2.1","3.4","23.8","4.1","1.9","17.4","6.8","7.4",,,"5.6","4.5","5.2",,"4.9","3","5.4","10.2","6.2","24.2","5.5","5.5","11.1","5.8","4.9",,"14.6","8.7","7.8","7.2","4.4","0.8",,,"12.6","3.8","8.5","4.9",,"2.4",,"24.4","5.1",
"Total","Total","2016Q4","14.2","7.6","16.1","5.4","5.7","7.2","4.5","6.7",,,"3.2","12.1",,"6.3","4.6","6.5","7.9","8","12.9","3.6","3.8","5.7","6.5","4.1","12.3","18.6","6.7","8","10.3","4.6",,"23.7",,"2.4",,"13.4","4.4",,,"7.2","12.6","2.5","4.5","12.2","8.7",,"2.9",,"3.3","3.2","28.6",,"4.1","7.7","5.9","9.3","1.9","1.3","3.5","23.6","4.3",,"17.6","6.5","6.3",,,"5.4","4.3","5.2",,"3.1","2.3","5.6","10.6","7.5","22.6","5.5","5.4",,"5.6","4.2",,"13.1","9.2","8","6.4","3.1","0.6","3",,"12","3.9","7.5","4.5",,"1.5",,"23.6",,
"Total","Total","2016Q3","14.9","8.5","17.9","5.6","6.2","7.9","4","7",,"7.9","3","11.9",,"7.1","5.1","7.2","8.8","8.1","12.9","4","4","6.1","7.2","4.6","12.1","18.9","7.6","7.6","9.6","5",,"22.5",,"2.3",,"10.9","4.9","4.3",,"8.6","12.5","2.6","5","11","8.2",,"3.1",,"2.5","3.5","27.4",,"4.4","7.5","7.1","9.5","1.9","1.2","4","24.2","4.4",,"16.8","7.1","7.2",,,"5.6","4.8","4.9",,"3.2","2.7","5.9","10.7","6.9","25.4","5.7","5.3",,"5.7","3.8",,"13.8","9.5","7.4","6.3","3.9","0.7","3.1",,"11.2","4","8.2","5",,"1.8",,"24.2",,
"Total","Total","2016Q2","15.7","9.3","18.4","5.6","6.2","7.9",,"8.1",,"6.1","3.3","11.4",,"7","4.6","7.2","8.6","8","12.1","3.9","4.2","5.8","7.6","4.7","11.8","20","6.5","10","9.6","4.8",,"23",,,,"12.8","5.1",,,"9.1","12.8","3.6","4.4","11.6","9.1",,"3.2",,"2.9","3.7","26.2",,"4.5","8","6.2","9.5","1.9","1.7","3.9","24.5","4.9",,"17.5","7.4","6.8",,,"6.2","4.8","4.9",,"3.6","3.1","6.2","11","9","24","5.9","5.7",,"5.6","5.5",,"15.2","9.6","7.8","7.5","4.1","0.7","3.6",,"9.4","3.9","7.8","4.8",,"2",,"24.1",,
"Total","Total","2016Q1","17",,"18.2","6.2","6.2","8.3",,"8.6",,,"4.5","11",,"7.8","5.3","6.8","10.3","8.2","14.1","4.3","4.5","6.4","7.9","5","13.6","21","6.7","9.6","10.7","5",,"24.9",,"3",,"15.4","6","4.3",,"8.8","12.5","3.2","5","12.1","8.5",,"3.3",,"4.3","4.2","27.6",,"4.1","8.4","5.9","10.3","1.9","2.1","4","24.9","5.3",,"19.1","7.9","7.1",,,"6.8","4.8","5.5",,"5","2.6","7","12.6","7.6","23.8","6.6","5.9",,,,,"19","10.4","8.9","7.7","4.9","0.7","3.2",,"10.9","3.9","7.9","5.2",,"2.2",,"24.2",,
"Total","Total","2015Q4","17.4",,"19.2","5.6","5.8","8.7",,"7.9",,,"3.3","9",,"6.5","4.9","6.2","7.7","8.4","12.8","4.5","4.5","5.9","6.7","3.7","12.8","20.9","6.6","8.7","10.6","4.9",,"24.6",,"2.7",,"16.1","6.2",,,"9.1","11","3.1","5.3","12","13.5",,"3.2",,"3.5","3.1","28.7",,"4.2","8.8","6.3","9.8","1.9","4","4.1","25.6","5.4",,"17.8","5.3","7.1",,,"6.6","4.2","4.9",,"2.9","2.7","6.9","12.4","5.5","23.6","6.6","5.7",,,,,"17.7","11","8.4","6.6",,"0.6","2.6",,"10.5","3.9","7.9","4.8",,"1.4",,"22.2",,
"Total","Total","2015Q3","17.3",,"15.9","6.1","5.7","8.2",,"8.3",,"7.9",,"8.9",,"7","5.2","6.7","8.5","8.1","14.8","4.8","4.4","6.4","8.3","3.7","12.8","21.2","5.5","8.4","10","5.5",,"24",,,,"15.4","6.4","5",,"9.9","11.4","3.5","5.4","10.6","13.1",,"3.4",,"3","3.3","33.5",,"4.9","8.3","7.7","9.7","1.9","3.1","4.6","24","5.2",,"16.5","4.3","6.8",,,"6.6","4.4","5.5",,"3.5","3.2","7.1","12.1","6.1","24.6","6.5","5.3",,,,,"16.6","11.3","8.6","6.6",,"0.6","2.5",,"10.1","3.9","7.5","5.2",,"1.8",,"23.2",,
"Total","Total","2015Q2","17.1","6.6","17.8","5.9","5.9","8.4",,"9.9",,"7.2",,"8.3",,"6.9","4.4","6.9","8.5","8.3","14.7","4.9","4.7","6.1","7.8","3.7","12.4","22.4","6.7","10.7","10.1","5.5",,"24.6",,"2.3",,"15.5","6.9",,,"10.4","10.9","5","4.8","12.1","13.2",,"3.4",,"3.1","3.8","33.7",,"4.4","9.4","5.4","9.8","1.8","3.9","4.3","27.2","5.5",,"17.7","5.1","7.5",,,"6.9","4.3","5.4","3.9","3.2","3.2","7.4","12.1","6.8","21.9","6.7","5.6",,"5.6",,,"17.3","11.2","9.2","8.3",,"0.6","2.4",,"9.3","3.7","7.6","5.3",,"1.9",,"22.6",,
"Total","Total","2015Q1","17","7.1","19.4","6.6","5.9","8.8",,"10.6",,,,"7.9",,"7.3","4.7","6.6","9.6","8.9","17.7","6","5","6.7","7.7","3.3","14.2","23.8","6.8","9.7","10.8","5.5",,"26.8",,,,"17.8","7.8","4",,"10.5","11.4","4.2","5.2","13","14.2",,"3.5",,"3.9","4","35.1",,"4.5","10","7.3","10.2","1.7","8.2","4.2","28.8","5.4",,"18.2","4.7","8.2",,,"7.5","4.2","5.8","4.6","4.7","3.2","8.6","13.9","7.6","21.9","7.4","5.7",,"5.7",,,"19","12.5","9.7","8.3",,"0.6","2.2",,"11.2","3.7","7","5.8",,"1.9",,"23.4",,
"Total","Total","2014Q4","17.8","6.9","17.7","6","5.6","8.6",,"10.6",,,,"6.5",,"6.2","4.3","6.5","7.8","8.4","16.1","5.7","4.8","6.6","6.2","3.1","13","23.7","6.3","8.4","10.8","5.5",,"26.4",,"2.7",,"18.4","7.1",,,"10.5","10.4","4.1","5.7","13.3","9.4",,"3.3",,"3.8","2.8","34.5",,"4.3","10.1","5.5","10.2","1.7","3.3","4.4","28.9","5.5",,"18.1","5","7.4",,,"7.1","3.4","5.5","2.7","2.8","3.1","8.1","13.6","6.5","21.8","6.7","5.2",,,,,"17","12.6","9.5","7.3",,"0.4","2.4",,"10.7","3.9","6.7","5.5",,"1.2","13.1","21.9",,
"Total","Total","2014Q3","17.2","7.5","17.1","6","5.6","8.7",,"10.8",,"8.9",,"6.7",,"7.1","5.1","7.1","8.6","8.8","16.2","5.9","4.8","7.1",,"3.2","13","23.7","7.5","7.5","9.8","6.1",,"25.7",,,,"15.7","7.4","4.7",,"12","10.6","4","6.3","11.8","8.5",,"3.6",,"2.9","2.9","34.3",,"4","9.1","6.4","10.6","1.7","3.2","5.2","29","5.9",,"16.4","3.8","7.4",,,"7","3.6","5.2","3.1","2.9","3.6","8.2","13.3","7.7","17.3","6.5","4.9",,,,,"18","12.9","9.2","7.2",,"0.6","2.8",,"10","4","6.2","6.2",,"1.3","12.5","23.3",,
"Total","Total","2014Q2","17.4","7.5","17.2","5.9","5.5","8.2",,"11.4",,"7.5",,"6.8",,"7.2","4.7","6.8","8.6","8.2","15.7","6","4.9","6.6","7.3","3.8","13.2","24.5","7","9.6","9.8","6.2",,"26.6",,"2.7",,"16.6","8.1",,,"12.5","10.7","5.9","5.5","12.2","9.4",,"3.8",,"3.7","3.3","35.9",,"4.5","11.2","5","10.7","1.6","3.5","4.9","28.1","5.8",,"18.5","5.4","7.3",,,"7.5","3.3","5.1","2","3.1","3.7","9.1","14.1","7.8","20.8","6.7","5",,,,,"20.7","13.2","9.3","8.7",,"0.7","2.8",,"8.8","3.9","6.8","6.1",,"1.1","13.6","23",,
"Total","Total","2014Q1","20.1","7.1","17.7","6.5","6","8.7",,"13",,,,"7.1",,"7.6","5.3","6.8","10.1","8.6","17.1","6.8","5.4","7.5",,"3.9","13.3","25.9","8.5","9","10.6","6.7",,"28.2",,,,"18.7","8.3","3.4",,"12.7","10.9","5.7","5.6","13.6","8.9",,"3.7",,"5.9","3.4","36.4",,"3.8","12.4","6.5","11.9","1.7","5.1","4.8","26.6","5.7",,"19.2","5.1","7.7",,,"8.1","3.5","5.9","1.9","4.6","4","10.6","15.3","9.2","21.9","7.2","5.5",,,,,"21.3","14.1","10.8","8.6",,"0.6","2",,"10.2","4","6.7","6.9",,"1.4","14.6","22.2",,
"Total","Total","2013Q4","16.7","6.4",,"5.6","5.4","8.5",,"13.1",,,,"6.1",,"6.7","4.4","6.1","7.8","7.4","16.1","6.7","5","6.8","7.4","3","13.2","25.7","8.7","7.7","10.1","7",,"28.1",,"2.9",,"17.7","9.1",,,"12.4","10.3","4.5","5.8","12.7","9.8",,"3.7",,"4","2.5","35.1",,"3.9","11.4","6.2","11.3","1.8","4.1","4.6","29.1","6.1",,"19.5","3.6","6.8",,,"7.5","3.2","5.6","1.6","2.4","3.3","9.8","15.5","7.9","21.5","7.1","5.5",,,,,"20.2","14.2","9.6","7.5",,"0.5","2.8",,"8.9","4.2","6.2","6.7",,"1.1",,"21.7",,
"Total","Total","2013Q3","16.7","6.8",,"5.6","5.4","8.7",,"12",,"9.3",,"6.9",,"7.2","4.9","6.1","9","7.8","16.3","6.9","5.1","7.5",,,"13.3","25.7","7.8","7.1","9.4","7.8",,"27.4",,,,"16.8","9.8","5",,"13.7","10.8","4.3","6.2","11.3","9.8",,"4",,"3","2.6","31.1",,"4.3","10.9","5.6","11.8","1.9","3.9","5.2","28.5","6.3",,"18","4.5","7.1",,,"7.3","3.4","5.8","1.8","2.8","3.8","9.8","15.8","7.4","20.1","6.7","5.2",,,,,,"14.1","9.4","7.4",,"0.5","2.8",,"8.8","4.3","6.3","7.3",,"1.4",,"22.2",,
"Total","Total","2013Q2","15.9","7.3",,"5.6","5","8.1",,"13",,"7.4",,"7.4",,"7.1","4.5","6.5","9.3","9.1","15.8","6.7","5.2","7.3","7.3","3.2","13.2","26.1","8","9.1","9.7","7.6",,"27.4",,"3.1",,"16.8","10.2",,,"14.7","10.7","6.9","6.2","12","10",,"4.2",,"3.9","2.8","27.6",,"4.3","11.7","6.2","11.4","1.8","4.7","5","29.3","6.3",,"19.3","4.2","7.3",,,"7.1","3.6","5.9","3.1","3","3.7","10.5","16.7","7.4","17.4","7.3","5.4",,,,,"24.2","14.1","10.4","8.8",,"0.5","2.2",,"8","4.1","6.6","7.4",,"1.3",,"22.5",,
"Total","Total","2013Q1","14.3","7.9",,"6","5.7","8.5",,"13.8",,,,"7.9",,"7.6","5.1","6.8","10.9","8.6","16.3","7.4","5.8","8",,,"12.9","26.9","10","8.8","10.5","7.8",,"27.9",,,,"18","11.6","3.7",,"14.4","10.6","5.8","6.5","12.7","9.1",,"4.3",,"6.5","3.2","24.3",,"4.3","13.1","5.4","13","1.9","8.1","4.9","29.2","5.8",,"21.5","4.6","8.1",,,"7.1","3.5","6.1","2.6","4.4","3.2","11.3","17.8","8","20.6","7.3","5.8",,,,,,"14.5","11.1","8.6",,"0.5","2.9",,"9.4","4.2","6.7","8.1",,"1.4",,"21.7",,
"Total","Total","2012Q4","14.1","6.9",,"5.1","4.9","8.3",,"12.4",,,,"6.8",,"6.8","4.7","6.4","8.8","8.8","13.3","7.2","5.1","7.1","7.2","3.2","13","25.8","9.1","7","10.4","7.6",,"26.6",,,,"18.1","10.6",,,"14.5","11.7","4.8","7","11.6","9",,"4.1",,"4.1","2.5","25.8",,,"13.2","5","13.9","1.9","5.9","4.8","31","6.1",,"20.7","3.9","7.1",,"4.4","6.2","3.1","6.3","2.8","2.2","3.3","10.1","17.1","7.7","18.5","6.6","5.1",,,,,"22.5","14.4","9.5","7.6",,,"3.3",,"8.3","4.3",,"7.5",,"1",,"21.4",,
"Total","Total","2012Q3","13.1","7.6",,"5.1","5.1","7.7",,"11.5",,,,"7",,"7.4","4.7","6.8","9.8","8.9","12.4","7","5.3","7.8",,,"12.4","24.8","9.5","7.1","9.6","8",,"25.2",,,,"14.7","10.5","4.3",,"15.9","12.4","5","6.9","9.8","8",,"4.3",,"3.9","2.7","26.3",,,"12.5","5.7","13.7","2","4.8","5.1","30.4","6.3",,"21.4","3.1","7.4",,"5.1","5.7","3","6.7","3.4","3","3.5","9.9","15.9","6.6","20.5","6.6","5",,,,,,"13.7","9.1","7.5",,,"3.5",,"7.8","4.3",,"8.1","6","1.1",,"22.2",,
"Total","Total","2012Q2","13.5","7.2",,"5.1","4.9","7",,"12.3",,,,"7.4",,"7.4","4.1","7","10.1","9.4","11.5","6.7","5.3","8","6.2","3.3","12.4","24.4","10.1","8.6","9.4","7.8",,"23.9",,,,"14.8","11",,,"15.9","12.8","7.3","6.6","10.5","8.8",,"4.5",,"4.1","2.9","33.3",,,"13.3","4","16.3","2.1","4.5","4.8","31.3","6.2",,"18.9","3.8","7.8",,"5.6","5.7","3.2","6.2",,"2.9","3.6","9.9","15.1","8.4","17.6","6.7","5.3",,,,,"25.5","13.6","8.2","8.6",,,"4",,"7.3","4.1",,"8",,"1",,"22",,
"Total","Total","2012Q1","12.8","7.1",,"5.6","4.8","7.2",,"12.9",,,,"7.8",,"8","4.6","7","11.1","9.3","11.2","7.1","5.8","8.3",,,"12.6","24.2","11.3","8","9.9","8.2",,"23.2",,,,"16.5","11.9","4.7",,"15.8","12.2","6.9","6.7","10.9","9",,"4.5",,"6.8","3.2","38.2",,,"14.6","5.9","16.3","2","7.2","4.9","31.8","6.2",,"18.7","4.9","7.5",,"5.8","5.8","3.2","6.7",,"4.3","3.6","10.5","15","9.3","20.2","7.3","6.3",,,,,,"14.1","8.6","8.2",,,"4",,"9.4","4.2",,"8.6","7.2","1.1",,"21.5",,
"Total","Total","2023Q2",,"6.2",,"3.5","5.1","5.4",,"4.6","10.2","2.8",,"8",,"5.2","3.7","8.8","9.6","9","6","2.6","3","4.6","5.8","3.4",,"11.6","6.7","8","6.9",,,"11.2",,,,"5.6","3.9",,"4.4","4.4",,"3.6",,"7.5","4.5",,"2.7",,,"2.7",,"12.2",,"6","4.9","6.4",,"1.4","2.8","13.2","2.5",,,,,,,"3.4","3.5","3.5",,"4.9",,"2.6","6.1","5.6","24.7","5.4",,,"4.9",,,,"5.7","3.6","8.3",,,,"13.9",,,"8.5","3.4",,"1.6",,"28.5",,"8.8"
"Total","Total","2023Q1",,"6.9",,"3.9","5.7","5.6",,"4.4","11.1",,"3.6","8.8",,"5.4","4.4","9.2","11.1","9.8","6.8","2.6","3","5","5.6","3.4",,"13.3","5.3","7.1","7.2",,,"11.8",,,,"7.3","4.1","2.5","4","4.1",,"3.9",,"8.3",,,"2.6",,,"3.2",,"10.8",,"7.8","4.9","6.4",,"1.9","2.6","13.3","2.9",,,,,"3.1",,"3.7","3.7","3.6",,"5.4",,"2.9","7.2","6.4","25.2","5.8",,,"5.1",,,,"6.2","3.8","7.8",,,,"16",,,"8.4","3.8",,"1.5",,"28.1",,"8"
"Total","Total","2022Q4",,"6.3",,"3.3","5","5.6","4.9","3.9","11.9","5","3.3","7.9",,"4.6","4.1","8.3","9.1","10.9","7","2.6","3","4.6","4.9","3.3","7.3","12.9","5.4","6.2","7.3",,,"11.9",,,,"6.8","3.9",,"4.5","4.2","8.7","3.3","4.2","7.9",,,"2.4",,,"2.5","11.3","13.6",,"6.4","4.6","6.7",,"1.2","3","14.1","2.9",,,"5.1","4.5","3.8",,"3.5","3.1","3.3",,"3.7","2.4","2.9","6.6","5.6","23.4","5.8","3.7",,"4.8",,"2.4","8.4","6.1","3.5","6.8",,"0.8","4.2","15",,,"7.9","3.3",,"1.4",,"27.8","3.9","9.6"
"Total","Total","2022Q3",,"7.1",,"3.4","4.9","5.7","5.3","3.7","12",,"3","8.7",,"5.3","4.3","8.4","10.2","11.1","6.8","1.8","3.2","4.7","5","3.7","7.5","12.7","5.6","6.7","7.3",,,"11.7",,,,"6.7","3.6","3.5","4.1","4.5","9","3.4","3.8","7.7","6.6",,"2.6",,,"2.4","10.3","18.3",,"5.9","5.2","6.9",,"0.9","3.4","14.3","2.9",,,"5","5.9",,,"3.7","3.2","3.2",,"3.9","2.8","2.9","6","6.2","24.7","5.4","3.7",,"5.8",,"2.8","8.3","6","4","6.5",,"0.9","4.8","15.1",,,"8.1","3.6",,"1.5",,"28.5","7.3","11.6"
"Total","Total","2022Q2",,"6.9",,"3.8","4.6","5.6","5.3","4.7","12.7",,"3.4","9.3",,"5.1","4.1","8.2","10.4","10.7","6.8","2.1","3.1","4","5.4","3.8","7.3","12.5","5.8","7.2","7.1",,,"12.4",,,,"7.3","3.2",,"5.2","4.5","8.9","4.4","3.2","8","6",,"2.7",,,"3","10.6","17.1",,"5.3","4.5","6.6",,"0.8","3.2","14.5","2.9",,,"6.9","7.1",,,"3.3","3.3","3.2",,"3.8","2.6","2.6","6","6.7","24.2","5.3","3.9",,"5.8",,"3.6","8.1","6.1","4.2","8.5",,"0.9","4.1",,,,"8","3.5",,"1.6",,"29.6","7.8","10.5"
"Total","Total","2022Q1",,"7",,"4.3","5.5","5.3","5.5","4.9","14.1",,"4.5","11.1",,"6.1","4.6","8.3","12.5","12.6","6.6","2.4","3.3","4.6","6.7","4.3","7.3","13.7","5.5","7","7.5",,,"13.8",,,,"7.2","3.7","3.4","5.7","4.8","9.7","4.2","3.5","8.8","6.2",,"2.7",,,"3.5","16.2","14.7",,"6.4","4.1","7.3",,"0.8","3.4","15","2.9",,,"7.9","7.9",,,"3.6","3.3","3.4",,"5.8","2.6","3.1","6.1","8.5","25.4","6","4.2",,"6",,"2.7","9.9","6.4","4.3","8.1",,"1.1","4.5",,,,"7.5","4.1",,"1.6",,"29.6","5.5","8.8"
"Total","Total","2021Q4",,"7","10","4.4","5.3","5.8",,"4.6","14",,"3.8","11.1",,"5.7","4.4","7.7","12.4","12.7","6.3","2.2","3.3","4.3","7.3","4","7.5","13.3","5.2","6.3","7.6",,,"13.2",,"2.2",,"6.4","3.7",,"5.5","4.9","9.1","4.5","4.5","9.1","4.3","18","2.6","6.5","4.2","2.9","18.6","17.9",,"7","4.3","7.1",,"0.5","3.6","15.3","3",,"15.4","7.8","7.3",,,"3.7","3.4","3.2",,"3.8","3.3","2.9","6.5","6.8","24.2","5.9","4.2","18.3","6.9",,"2.7","9","6.8","4.5","7.5",,"1.1","4.1",,,,"7.5","3.9",,"2.7",,"29.8","5.7","9.6"
"Total","Total","2021Q3",,"8.2","7.3","4.6","5.5","6.5",,"4.6","13.8","9.2","4.8","12.6",,"7.4","5.1","8.8","13.6","14.1","6.6","2.7","3.4","4.8","7.1","4.5","7.6","14.6","5.7","6.9","7.9",,,"13",,,"14.5","6.3","3.9","3.8","6.4","5.7","9.3","4.1","5.2","8.8","5.3","19.4","2.8","5.3","3.4","2.8","17.4",,,"6.7","5.5","7.2",,"0.6","4.2","15.8","3.3",,"14.8","7","7.4",,,"4","4.2","3.2",,"4.8","3","3.1","6.3","6.5","27.3","5.3","4.4","14.1","6.6",,"3.2","9.4","6.8","4.5","8.2",,"1.2","4.3",,,,"9.6","5.2",,"2.5",,"29.8","6.3","9.5"
"Total","Total","2021Q2",,"9.6","9.9","5.1","7","6.1",,"5.6","15.2",,"5.5","14.2",,"8.1","5","9.9","14.4","16.5","8.5","3","3.7","4.7","8","5.1","7.3","15.3","6.8","9","7.6",,,"15.6","11",,"15.3","8","4.1",,"7.9","7.3","9.1","8","4.9","9.6","5.2","20.3","3","5.9","3.6","3.9","20.1","22.6",,"7.4","5.6","7.9",,"0.9","3.9","15.9","3.4",,"17.1","7.9","8.7",,,"4.3","5.1","3.9","6.5","5","3.3","3.5","6.9","7.8","26.4","5.1","4.8","17.7","6.6",,"4.6","10","6.9","4.3","9.9",,"1.2","3.8",,,,"9.7","5.8",,"1.8",,"29.2","5.4",
"Total","Total","2021Q1",,"10.2","13.1","6.4","8.1","6.7",,"6.3","16.7","11.2","6.3","14.9",,"9","5.8","10.9","15.2","17.3","8.8","3.3","4.2","6.4","8.4","4.6","7.4","16","7","8.4","8.4",,,"17","15.3",,"15.6","9.9","4.5","3.9","5.8","7.1","9.6","7.7","4.6","10.6","6","21.8","2.8","5.1","5.3","4.9","25.5","21.2",,"7.5","5.5","8.1","2.9","1.1","4.3","16.2","3.9",,"19.4","8.3","7.4",,,"4.8","5","4.9","6.6","6.8","4.1","4","7.3","8.2","27.8","6.1","5.5","12.5","6.5",,"3.5","11.9","7.1","5.7","9.7",,"1.4","5.6",,,"3.7","10.4","6.5",,"2",,"26.3","5.2",
"Total","Total","2020Q4",,"11","11.6","6.4","5.5","5.8",,"5.3","16.6",,,"14.1","22.4","8.1","4.9","10.8","13.7","17.7","8.2","3",,"5.8","7.5","4.1","7.2","16.1","7.7","7.4","8.2",,"13.1","16","13.1",,,"9.2","4.2",,"6.1","5.7","9.9","7.5","4.7","9.5","6.7","20.3","3",,"4.4","3.7","26.5",,"5","9.1","6.6","7.9","2.8","1.1","4.5","16.5","4.4",,"21.2","7.2",,,,"4","4.6","4.9","6.4","6.3","3","3.1","7.2","7.2","23.4","5.2","5.9","14.6","7.4",,"3.8","9.9","7","5.1","7.9","3.4","1.3","5.6",,"12.8","3.7","10.8","6.5",,"2.1",,"26.7",,
"Total","Total","2020Q3",,"11.7","9.9","7","5.7","6.5",,"4.8","14.2","29.3",,"14.9",,"10.3","5.3","12.7","17.4","18.5","8.4","2.9",,"6.4","7.4","5.8","7.4","16.3","7.7","7.7","8.9","4.9","9.5","15.6","12.8",,,"7.5","4.4","5.4","7.2","7.1","9.6","5","4.9","10","7.9","20.1","3",,"3.8","3.5","24.1","25.2","5.6","9.3","7.9","8.4","2.9","1","5.1","16.6","4.9",,"19","6.7",,,,"4.3","5","5.1","5.8","9.3","2.9","3.3","7.9","7.9","28.3","5.2","6.1","11.5","8.5",,"4.3","9","7.3","5.1","8.6","4.1","1.3","4.3",,"13.2","3.9","10.7","8.9",,"2.2",,"25.3",,
"Total","Total","2020Q2",,"13.1","11.6","6.8","4.8","4.9",,"5.9","16",,,"13.6",,"13.4","4.6","12.4","19.2","18.5","6.9","2.4",,"5.2","3.4","8.9","9.7","15.3","7.3","8.9","6.8","3.8","10.3","16","15",,,"6.5","4.6",,"11.6","5.1","9.6","6.5","3.7","7.7",,"19.6","2.8","10.3","4.6","4.3","26.8","25.2","5.3","8.6","6.4","8.6","2.5","1.3","4.8","16.8","4.6",,"15.2","6.3",,,,"3.8","4.4","3.9",,"10.7","1.4","3.1","5.6","7.2","26.5","5.4","5.8","18.8","9",,,"7.3","6.6","5.2","9.1","4.8","1","3.7",,"12.9","4","10.2","12.9",,"2.2",,"18.3",,
"Total","Total","2020Q1",,"10.4","15","5.6","4.8","5.1",,"4.6","16.7",,"4.4","12.3","19.7","6.9","4.5","8.6","12.5","11.5","7.4","2",,"5.2","6",,"7.8","14.4","5.1","7.1","8.1","3.9","11.4","16.1",,,"12.8","7","3.7","3.1","6.7","4.7","9.6","3","3.3","9.4","5",,"2.4","5.2","5.8","4.1","24.5",,"5.5","7.2","6.3","7.6","2.1","1.4","3.4","16.5","3.5",,"16.4","6.2","6.4",,,"3.3","3.6","4.5",,"4.8","2.6","3.1","6.8","7.9","25.5","4.3","4.5","9.3","5.7",,,"9.7","6","4.6","7.6","4.9","0.8","3.3",,"13.7","3.7","9.6","4.1",,"1.9",,"26.2",,
"Total","Total","2011Q4",,"6.7",,"5","4.8","7.1",,"11.4",,,,,,"7","4.4","7","9","9.6","9","6.4","5.3","7.7","6.3","3","12.3","22.6","11.3","6.9","9.6","8.2",,"21.3",,,,"13.8","10.7",,,"15.3","12.4","6",,"9.5","8",,"4.3",,"5.8","2.6",,,,"13.9","4.7","15","2.2","6.2","4.8","32.1","6.5",,"17.8","4","6.8",,,"5.2","3","5.9",,"2.9","3.3","9.8","14.1","5.7","17.4","7.4","6.2",,,,,"23.7","14.1","8.7","7.2",,,"2.5",,"8.1","4.3","5.8","8.3",,"0.8",,"20.6",,
"Total","Total","2011Q3",,"7.2",,"5","4.1","7.8",,"10.3",,,,,,"7.5","4.6","7.8","9.9","10.2","7.9","6.5","5.7","7.6",,,"11.7","21.3","10.7","6.8","9","8.5",,"18",,,,"12.7","10.7","5",,"15.9","12.9","5.9",,"7.6","7.7",,"4.4",,"4.8","2.7",,,"3.9","15","4.4","15.1","2.7","5.3","5.5","31.2","5.9",,"19.8","4.8","7.6",,,"4.7","3.1","5.9",,"3.1","3.5","9.3","12.6","6.9","18.2","7","6.1",,,,,,"13.2","7.8","7.1",,,"3.7",,"8.3","4.4","6.3","9.1","6.6","0.9",,"21.5",,
"Total","Total","2011Q2",,"7.4",,"4.9","4.5","6.6",,"11.2",,,,,,"7.7","3.9","7.3","10.5","9.1","7.3","6.7","5.8","7.3","5.9","3.9","11.7","20.7","13","8.8","8.7","7.8",,"16.5",,,,"14.1","10.9",,,"15.3","12.5","8.4",,"7.8",,,"4.8",,"5.5","3",,,"4.1","15.6","5.4","17.1","2.7","6.2","5.2","31.5","6.6",,"20.5","4.5","7.3",,,"4.8","3.5","5.9",,"3.5","3.8","9.5","12.3","6.8","15.8","6.9","6.4",,,,,"22.2","13.2","7.7","8.6",,,"4",,"8.6","4.3","6.5","8.9",,"1",,"22.4",,
"Total","Total","2011Q1",,"7.4",,"5.4","5.1","7.2",,"12.2",,,,,,"8.3","4.7","7.9","11.9","9.1","7.6","7.2","6.6","8.5",,,"11.7","21.1","14.3","8.6","9.5","7.7",,"16.2",,,,"14.4","11.8","5.3",,"15","12.1","7.8",,"8.6","8.4",,"4.7",,"7.4","3.7",,,"4.3","17.2","5.2","17.6","2.7","9.4","5.1","31.4","6.6",,"20.8","5.7","8",,,"5.2","3.2","6.4",,"4.5","3.7","10.1","12.6","8.5","19","7.3","7.4",,,,,,"14","8.5","8.3",,,,,"10.4","4.6","6.7","9.5","7.2","1.4",,"21.2",,
"Total","Total","2010Q4",,"7.3",,"4.8","4.4","7.9",,"11.4",,,,,,"7.4","4.3","7.5","10.1","8.3","5.6","6.9","6.4","7.5","5.1","3.6","8.7","20.1","13.6","7.4","9.4","7.7",,"14.5",,,,"12.1","10.8",,,"15.1","13.6","7.4",,"8.6","7.3",,"4.9",,"5.3","2.9",,,"4.3","17.2","4.5","17.8","2.7","7.5","5.3","31.9","7.1",,,"6.2","7.1",,,"4.8","3.2","6.1",,"6.8","3.6","9.3","11.3","6.2","21.1","7","6.8",,,,,"19.2","13.9","7.7","7.6",,"0.4","4.1",,"9.8","4.8","6.3","9.2",,,,"20.7",,
"Total","Total","2010Q3",,"7.4",,"4.9","4.8","8.7",,"9.6",,,,,,"8.3","4.9","8.3","10.8","7.9","5.9","7.1","6.6","7.6",,,"8.7","19.6","15.4","7.3","9","7.9",,"12.5",,,,"11.2","10.8","5.9",,"14.9","13.9","6.5",,"7.5","6.8",,"5.1",,"5.6","3.1",,,"4.7","17.7","3.9","18.5","2.9","6.5","5.5","32.9","6.7",,,"5.5","7.4",,,"4.8","3.4","6",,"7.4","3.6","9.2","11.1","7.2","24.2","6.6","6.7",,,,,,"14.1","7","8",,"0.6","4.3",,"10.2","5.1","7","9.5","7",,,"22.5",,
"Total","Total","2010Q2",,"7.8",,"5.3","5","8.1",,"10",,,,,,"8.2","4.6","8.9","11.3",,"6.5","7.1","7","7.6","5.3","4.6","8.8","19.9","18.3","9.6","8.9","7.7",,"11.9",,,,"12","11.2",,,"14.6","14","8.8",,"8.3","7.7",,"5.3",,"5","3.2",,,"5.3","18.2","4.1","20.4","2.8","7","5.1","32.4","6.6",,,"6.7","7.7",,,"5","3.8","6.4",,"7.1","3.7","9.6","10.8","7.3","20.9","6.5","7.3",,,,,"19.2","14.4","7.1","9.5",,"0.8","2.9",,"9.9","5.2","7.7","9.5",,,,"22.2",,
"Total","Total","2010Q1",,"8.3",,"5.8","5.3","8.6",,"10.2",,,,,,"8.9","5.4","9.6","12.4",,"7.5","8","7.9","8.3",,,"8.8","19.9","19.5","9.3","9.7","7.9",,"11.9",,,,"11.3","11.8","5.3",,"13.7","13.2","7.6",,"9","8.7",,"5.1",,"8.1","4.2",,,"4.8","18.2","4.9","21.3","2.9","9.1","5.3","35.5","7",,,"7.9","8.3",,,"5.4","3.6","6.4",,"8.7","3.5","10.6","10.7","9.3","19.5","7.8","8.7",,,,,,"15.1","7.1","9.4",,"0.6","4.8",,"13","5.7","7.8","10.4","7.2",,,"21.8",,
"Total","Total","2009Q4",,"8.4",,"5.3","5.3","8.1",,"7.9",,,,,,"8",,,"10.7",,"6.2","7.2","7.3","6.9","5.8","4.6","9.1","18.7","15.5","8.2","9.8","7.6",,"10.5",,,,"9.7","10.4",,,"13.3",,"6.7",,"8.5","7.2",,"5",,,"3.1",,,,"15.5","5.3","19.9","3.1",,"5.2","32.6","7.1",,,,"6.3",,,"4.8","2.9","6.4",,"7.5","3.6","8.5","10.2",,"20.9","7.5",,,,,,"16.6","13.9","6.4","8.3",,,,,"11.8","5.9","7","9.5",,,,"20.8",,
"Total","Total","2009Q3",,"9.1",,"5.5","5.8","8.2",,"6.7",,,,,,"8.7",,,"11.4",,"5.8","7.3","7.9","6.7",,,"9","17.8","14.4","7.5","9","8",,"9.4",,,,"8.5","10.3","6",,"13.6",,"6",,"7.3","7.9",,"5.4",,,"3.3",,,,"13.8","4.4","18.8","3.7",,"6.1","31.7","6.8",,,,"7.3",,,"4.3","3.2","6.1",,"7.4","4.1","8.1","10",,"22.8","6.8",,,,,,,"12.5","6.2","8.1",,,,,"12.2","6.1","7.5","9.6","6",,,"21.7",,
"Total","Total","2009Q2",,"8.7",,"5.7","5.4","7.5",,"6.3",,,,,,"8.6","4.1",,"11.1",,"5.5","6.3","7.8","6.4","5.1",,"9","17.8","13.2","9.6","8.8","7.6",,"8.9",,,,"9","9.6",,,"12.9",,"9.1",,"7.3","7.5",,"5.2",,,"3.5",,,,"13.8","5.1","17.2","3.6",,"5.1","31.9","7.1",,,,"7.9",,,"4.2","3.3","5.6",,"8.1","3.7","7.9","9.2",,"19.2","6.3",,,,,,"15.6","11.3","5.6","9.2",,,,,"12.3","5.8","8.3","9.1",,,,"20.3",,
"Total","Total","2009Q1",,"8.4",,"5.8","5","7.9",,"6.4",,,,,,"8.5",,,"12.1",,"4.8","5.8","8.1","5.7",,,"9.1","17.3","11.2","7.6","8.9","7",,"9.3",,,,"9.8","9.8","6.2",,"10.8",,"7.1",,"7.9","6.7",,"4.7",,,"3.6",,,,"12.1","5.8","14.2","3.8",,"5","33.3","6.5",,,,"7.5",,,"4.2","3","5.4",,"8.8","4","8.3","9",,"18.8","6.9",,,,,,,"10.4","5.3","7.9",,,,,"14.3","5.6","8.2","8.8","6.2",,,"19.3",,
"Total","Total","2008Q4",,"7.3",,"4.2","4.4","6.8",,"5",,,,,,"6.2",,,"9.8",,"3.5","4.4","7","3.9","4.8","4.1","8.4","13.8","7.4","6","7.9","6.2",,"8.1",,,,"8.8","8",,,"8.1",,"4",,"7","6.8",,"3.9",,,"2.9",,,,"7.8","5.4","10.2","3.3",,"4.2","33.6","6.2",,,,"6.3",,,"3.5","2.5","4.3",,"7.7","3.4","6.7","7.9",,"24.9","5.8",,,,,,"14","8.6","4.3","6.2",,,,,"11.3","4.7","7.1","6.6",,,,"18.6",,
"Total","Total","2008Q3",,"7.8",,"4","4.1","7.7",,"5.1",,,,,,"6.3",,,"10.6",,"3.6","4.3","7.1","3.8",,,"8.3","11.2","6.2","5.6","7.2","6",,"7.2",,,,"7","7.7","6.6",,"7.6",,"2.5",,"6.1","6.1",,"4",,,"2.9",,,,"5.9","5.5","7.4","3.1",,"4.1","33.1","5.9",,,,"7",,,"3.4","2.5","3.9",,"8.1","3.8","6.6","7.8",,"24.2","5.4",,,"5.2",,,,"8.9","4.1","5.7",,,,,"9.1","4.2","8","6","5.9",,,"20.2",,
"Total","Total","2008Q2",,"8",,"4.2","3.8","6.3",,"5.8",,,,,,"6.1","3.4",,"10.3",,"3.2","4.2","7.8","3.4","4.7","3.8","8.1","10.4","4","7.3","7","5.2",,"7.2",,,,"8.1","7.6",,,"6.1",,"3",,"6.7","7.3",,"4",,,"2.9",,,,"4.6","5","6.6","2.8",,"3.4","34","5.9",,,,"7.1",,,"3.7","2.7","3.7",,"7.5","4","7.1","7.4",,"22.5","5.6",,,,,,"13.3","10","4.1","6.8",,,,,"8.2","3.9","8","5.2",,,,"19.7",,
"Total","Total","2008Q1",,"8.3",,"4.5","4.5","7.1",,"6.5",,,,,,"6.5",,,"11.3",,"4.7","4.7","8.2","3.7",,,"9.2","9.6","4.1","6.6","7.4","5.1",,"8.2",,,,"10.3","8","7.8",,"5.3",,"2.2",,"7.1","6.4",,"4",,,"3.2",,,,"5","4.3","6.7","2.9",,"3.8","35.1","6",,,,"8.2",,,"4.1","2.5","4.2",,"8.8","3.6","8.1","7.7",,"19.9","6.3",,,"5",,,,"10.5","5.1","6.3",,,,,"10.6","3.9","8.6","5.3","6.6",,,"19.6",,
"Total","Total","2007Q4",,"7.5",,"4.1","4.4","7.1",,"6.1",,,,,,"5.7",,,"8.9",,"3.6","4.8","8.2","3.3","5","3.1",,"8.6","4.1","6.1","7.7","5",,"8.2",,,,"10.2","7.8",,,"4.9","10.7","1.9",,"6.6",,,"3.8",,,"2.8",,,,"4","3.8","5.3","2.9",,"3.4","35.1","6",,,,"7.3",,,"3.8","2.1","3.2",,"7.1","3","8.5","7.9",,"19.3","6.1",,,,,,,"10.4","4.7","5.5",,,,,"9.2","3.9","8.4","4.6",,,,,,
"Total","Total","2007Q2",,"8.3",,"4.3","5.1","7.6",,"6.8",,,,,,"6.1","3.6",,"10.3",,"3.4","5.3","8.6","3.6","5.3",,,"7.9","4.9","7.7","7.8","5.2",,"8.1",,,,"9.3","7",,,"5.2","10.8","3.2",,"5.7",,,"3.8",,,"3",,,,"4.1","3.9","6.3","3",,"3.3","35.1","6.4",,,,"8.7",,,"4.1","2.7","3.5",,"7.8","3.4","9.6","8",,"16.2","6.5",,,,,,,"11.2","4.6","6.9",,,,,"8.1","3.9","9.8","4.4",,,,,,
"Total","Total","2007Q1",,"9.7",,"5","5.2","8",,"8",,,,,,"6.7",,,"11.9",,"4.9","6","9.5","4.3",,,,"8.4","5.3","7.6","8.7","5.5",,"9.1",,,,"11.4","7.5",,,"4.9","10.7","1.9",,"6.4",,,"4.2",,,"3.4",,,,"5.1","4.6","7.1","3.2",,"3.9","36.2","7.2",,,,"9.8",,,"4.8","2.7","4.2",,"9.2","3.7","11.3","8.5",,"18.2","7",,,"5.6",,,,"11.6","5.7","6.8",,,,,"10","3.8","10","4.8","8.1",,,"28",,
"Total","Total","2006Q4",,"8.6",,"4.3","4.9","7.9",,"8.4",,,,,,"6",,,,,"4.3","6.5","9.8","3.5","5.4","3.5",,"8.3","5.5","6.8","8.6","5.3",,"9",,,,"10.6","7.5",,,"4.2","11.7","2.5",,"6.9",,,"4",,,"3.1",,,,"5.1","4.7","6.4","3.5",,"3.6","36.5","6.4",,,,"8.2",,,"4.6","2.5","3.6",,"7","3.8","12.2","8.3",,"17.7","7.2",,,,,,,"12.1","5.6","6",,,,,"8.5","3.9","9.5","4.2",,,,,,
"Total","Total","2006Q3",,"10.1",,"4.5","5","8.1",,"8.9",,,,,,"6.6",,,,,"4","7","9.8","3.7",,,,"8.1","5.4","6.8","8.7","5.6",,"8.4",,,,"10.6","7.5",,,"4.9","11.4","2.5",,"6.1",,,"4.1",,,"3.1",,,,"5.8","4.7","6","3.8",,"4","36.1","6.5",,,,"9.2",,,"4.6","3.3","3.7",,"8.2","4.3","13.1","7.6",,"19.7","7",,,,,,,"12.9","5.5","6.3",,,,,"8.3","4","10.6","4.7","8.1",,,"28.1",,
"Total","Total","2006Q2",,"10.3",,"4.8","5.3","8.3",,"9",,,,,,"6.3","4",,"10.7",,"4.1","7.1","10.2","3.9","5.9",,,"8.5","6.2","8.9","8.6","5.3",,"8.7",,,,"11.8","7.2",,,"4.4","11.4","4",,"6.5",,,"4.3",,,"3.1",,,,"5.6","4.7","7.2","3.8",,"3.1","36.2","7.1",,,,"9.5",,,"5.1","3.9","3.6",,"8.7","4","14.1","7.4",,"18.6","7",,,,,,,"13.5","5.9","8",,,,,"7.7","3.9","10.8","4.6",,,,,,
"Total","Total","2006Q1",,"11.3",,"5.5","6","8.7",,"9.7",,,,,,"7.1",,,"11.9",,"5.9","8","11.3","4.5",,,,"9","6.6","8.4","9.4","5.2",,"9.5",,,,"11.8","7.7",,,"4.2","11.6","2.3",,"7.6",,,"4.4",,,"3.7",,,,"6.7","4.7","8.6","4",,"3.5","36.7","7.3",,,,"9.3",,,"5.8","3.9","4.5",,"8.6","4.1","16.1","7.8",,"20.2","7.8",,,,,,,"15","6.9","7.9",,,,,"10.6","3.9","12.5","5","9.1",,,"28.6",,
"Total","Total","2005Q4",,"10",,"4.8","5.7","8.5",,"9.9",,,,,,"6.1",,,"9.6",,"5.5","7.8","10.8","4","6.7","3.8",,"8.7","7.1","7.6","9.3","5.1",,"10",,,,"12.3","7.3",,,"4.4",,"2.6",,"8.1",,,"4.3",,,"3.2",,,,"7.2","4.5","8.7","4",,"3.1","36.3","7.1",,,,,,,"5.6","3.9","3.6",,"7.8","3.8","16.8","8.1",,"18.9","6.8",,,,,,,"15.4","7.2","7.1",,,,,,"4","12","4.7",,,,,,
"Total","Total","2005Q3",,"11.1",,"4.8","5.6","8.7",,"9.2",,,,,,"6.8",,,"11",,"5.4","7.8","11.1","4.8",,,,"8.4","7","7.2","8.8","4.8",,"9.9",,,,"12.3","7.3",,,"4.6",,"1.7",,"7.1",,,"4.3",,,"3.4",,,,"7.3","4.5","9.5","4.2",,"3.8","36.6","6.5",,,,,,,"5.6","4.6","3.7",,"9","3.8","17.4","7.8",,"19.4","6.2",,,,,,,"15.7","6.3","7.3",,,,,,"4.3","12.1","5","9.9",,,"29.1",,
"Total","Total","2005Q2",,"12",,"5","5.7","8.1",,"10",,,,,,"6.8","4.4",,"11.1",,"5.5","7.8","11.3","4.8","6.4",,,"9.3","8.4","9.6","8.4","4.6",,"9.8",,,,"13","7.1",,,"4.3",,"2.9",,"7.5",,,"4.5",,,"3.4",,,,"8.9","4.5","10.4","4.2",,"3.5","37.6","7.3",,,,,,,"6","4.6","3.7",,"9.3","4.1","18.1","7.3",,"18.2","7.2",,,,,,,"16.3","5.8","8.7",,,,,,"4.1","12.1","5",,,,,,
"Total","Total","2005Q1",,"12.9",,"5.6","5.7","8.6",,"11.4",,,,,,"7.4",,,"12.7",,"5.6","8.4","11.5","5.7",,,,"10.2","9.6","9.1","9","4.6",,"10.6",,,,"13","7.1",,,"4.1",,"2.9",,"8.3",,,"4.6",,,"3.9",,,,"9.9","4.5","11.6","4.2",,"3.8","38.8","6.8",,,,,,,"6.4","4.4","4.3",,"10.8","3.5","18.9","7.6",,"23.7","8.5",,,,,,,"17.6","6.8","6.8",,,,,,"4.2","11.9","5.6","11.5",,,"29.1",,
"Total","Total","2004Q4",,"12",,"4.9","5.5","8.4",,"11.9",,,,,,"6.7",,,"11.3",,"5.1","8.2",,"5","6.7","4.2",,"10.5","9.5","7.9","8.9","4.7",,"10.7",,,,"13.7","6.3",,,"4.4",,"2.4",,"8.2",,,"4.4",,,"3.3",,,,"10.5","5.1","11.8","4.2",,"3.8",,"6.9",,,,,,,"4.6","3.9","3.6",,"8.4","3.7","18","7.1",,"22.5","8.1",,,,,,,"17.3","6.4","6.2",,,,,,"4.2","11.9","5.1",,,,,,
"Total","Total","2004Q3",,"13.1",,"5.3","5.5","9.1",,"11",,,,,,"7.1",,,"11.9",,"4.8","8.2",,"5.7",,"5.2",,"10.7","10.5","7.7","8","4.8",,"10.2",,,,"13.7","6.1",,,"4.8",,"2.5",,"7.3",,,"4.7",,,"3.3",,,,"10.1","5.1","11.2","4.7",,"4.2",,"7.3",,,,,,,"4.2","4.5","3.8",,"8.6","3.8","18.2","6.9",,"24","7.6",,,,,,,"17.6","5.9","6.3",,,,,,"4.6","13.1","5.4",,,,"28.6",,
"Total","Total","2004Q2",,"14.7",,"5.4","5.7","7.4",,"12.1",,,,,,"7.2","4.3",,"13.1",,"4.4","8.2","10.7","5.2","5.9",,,"11.1","10.2","10.4","8.1","4.6",,"10.3",,,,"13.7","5.8",,,"4.5",,"4",,"7.9",,,"4.8",,,"3.3",,,,"10.7","5.1","11.7","5",,"3.7",,"7.3",,,,,,,"4.7","4.3","4.1",,"9.1","3.6","19.1","6.4",,"24.7","7.7",,,,,,,"18.6","6","6.7",,,,,,"4.4","13.1","5.5",,,,,,
"Total","Total","2004Q1",,"14.3",,"6","7.2","8.7",,"13.4",,,,,,"7.8",,,"14.6",,,"8.7",,"6.1",,"5.6",,"11.5","10.3","9.3","8.9","4.7",,"11.3",,,,"13.7","6.1",,,"4.4",,"3.1",,"8.7",,,"5",,,"3.8",,,,"12.3","5.1","12.3","5.6",,"4.1",,"7.2",,,,,,,"4.8","4.1","4.7",,"10.1","3.2","20.7","6.4",,"21.7","8.9",,,,,,,"19.4","6.8","6.9",,,,,,"4.5","13.8","6.1",,,,"30.3",,
"Total","Total","2003Q4",,"14.5",,"5.4","4.3","8.5",,"12.8",,,,,,"7",,,"12.1",,,"8.1",,"5.4","7.4","5.7",,"11.4","9.1","8.2","8.8","4.9",,"10.2",,,,"14.3","5.5",,,"4.6",,"2.9",,"8.5",,,"4.9",,,"3.4",,,,"11.7","3.7","10.9","5.5",,"3.7",,"7.9",,,,"5.4",,,"3.9","3.8","4.6",,"8.9","3.1","19.3","6.6",,"22.9","6.8",,,,,,,"17.5","6.7","5.8",,,,,,"4.7","15.3","5.5",,,,,,
"Total","Total","2003Q3",,"16.1",,"5.7","3.9","8.3",,"12.7",,,,,,"7.7",,,"13.5",,,"8",,"5.5",,,,"11.3","9.7","7.9","7.6","5.2",,"9.3",,,,"14.3","5.7",,,"5.3",,"2.6",,"8.3",,,"5.1",,,"3.2",,,,"11.6","3.7","11.8","6.1",,"4",,"8.3",,,,"5.3",,,"3.6","4.3","4.4",,"8.5","4.3","19.4","6.2",,"21","6.3",,,,,,,"17.1","6.6","5.5",,,,,,"5.1","15.9","6",,,,"30.6",,
"Total","Total","2023Q3",,,,"3.6","5.2","5.6",,"4.1","10.6",,,"7.7",,"5.8","4.3","9.3","8.9","7.6","5.8","2.6","3","5","5.7","3.3",,"11.8","7.3","6.9","7.5",,,"10.8",,,,"5.5","4.1",,,"4.6",,"3.3",,"7.3","4.5",,"2.6",,,"2.3",,"11.8",,"6.2","5.5","6.5",,"1.4","3","12.9","2.5",,,,,,,"3.6","3.6","3.8",,"4.7",,"2.7","6.1","5.8",,"5.4",,,"5.1",,,,"5.9","3.9","7.2",,,,"14.4",,,,"3.8",,"1.7",,"27.9",,
"Total","Total","2007Q3",,,,"4.1","4.9","7.3",,"6.6",,,,,,"6.1",,,"10",,"4","5.1","8.4","4",,,,"8","4.1","6","7.8","5.5",,"8",,,,"8.9","7.3",,,"5.1","10.9","2",,"5.6",,,"3.8",,,"2.9",,,,"3.8","4","5.6","3.1",,"3.8","34.5","6.3",,,,"8",,,"3.8","2.5","3.4",,"7.8","3.6","9","8",,"19.3","6",,,"5.8",,,,"11.3","4.4","5.5",,,,,"8.4","4","9.5","4.7","6.5",,,"25.1",,
"Total","Total","2003Q2",,,,"6","4.2","7.7",,"13.8",,,,,,"7.7","4.1",,"13",,"4.2","7.5","9.8","5.4","6.4",,,"11.3","11.3","10.5","7.8","4.8",,"9.4",,,,"14","5.8",,,"4.5",,"4",,"8.9",,,"5.6",,,"3.2",,,,"12.9","3.7","12.1","6.4",,"3",,"7.5",,,,"5.8",,,"3.6","4.2","4.7",,"8.9","3.4","19.4","6.2",,"21.2","6.9",,,,,,,"17.1","6.5","5.6",,,,,,"5","17.2","6.1",,,,,,
"Total","Total","2003Q1",,,,"6.6","4.8","8.2",,"15.6",,,,,,"7.9",,,"14.3",,,"7.6",,"5.3",,,,"12","11.2","9.5","8.3","5",,"10.4",,,,"14","6.4",,,"4.6",,"3.9",,"9.1",,,"5.5",,,"3.5",,,,"13.6","3.7","11.8","6.1",,"3.1",,"6.6",,,,"7.2",,,"3.7","3.9","5.4",,"9.6","3.4","20.6","6.4",,"27.2","8.2",,,,,,,"18.5","7","5.8",,,,,,"5.1","18.3","6.3",,,,"34",,
"Total","Total","2002Q4",,,,"5.9","3.8","8.1",,"17.1",,,,,,"7.1",,,"14.1",,,"7.3",,"4.6","6.6",,,"11.6","12.4","8.3",,"5.2",,"10.4",,"2.3",,"14.4","5.9",,,"4.6",,,,"9",,,"5.1",,,"2.8",,,,"13",,"12","6.2",,"2.7",,"6.8",,,,"6.7",,,"2.9","3.4","4.9",,"8.1",,"19.8","6.2",,"25.1","8.2",,,,,,,"18","6.5","5",,,,,,"5.2","18.3","5.6",,,,,,
"Total","Total","2002Q3",,,,"6","3.6","7.6",,"17.6",,,,,,"7.5",,,"14.2",,,"7.2",,"4.8",,,,"11.5","10.6","8",,"5.3",,"9.9",,"2.2",,"14.4","6",,,"4.6",,,,"8.7",,,"5.4",,,"2.8",,,,"11.8",,"10.9","6.4",,"3.1",,"6.4",,,,"7.4",,,"2.7","3.7","5.4",,"7.9","3.7","19.9","5.1",,"32.2","7.7",,,,,,,"18.3","6","5",,,,,,"5.3","18.6","5.7",,,,"33.4",,
"Total","Total","2002Q2",,,,"6.4","3.6","6.9",,"18.1",,,,,,"7.7","2.9",,"14.5",,"3.3","7","8.5","4.3","6.9",,,"11.2","10","10.4",,"5",,"9.9",,"2.2",,"15.1","5.6",,,"4.2",,"3",,"9.2",,,"5.6",,,"2.9",,,,"13","2.6","13.8","6.2",,"2.9",,"6.9",,,,"9.7",,,"2.6","4","5.2",,"9.3","4.4","20","4.6",,"28.2","8.3",,,,,,,"18.6","5.9","5",,,,,,"5","15.4","5.7",,,,,,
"Total","Total","2002Q1",,,,"7.2","4.9","7.4",,"20",,,,,,"8.5",,,"15.2",,,"7.7",,"4.7",,,,"11.6","11.9","9.6","8.7","5",,"11.2",,,,"15.1","5.8",,,"4.4",,,,"9.2",,,"5.4",,,"3.6",,,,"17.1",,"13.2","6.3",,"3.3",,"7.5",,,,"8.9",,,"2.8","3.9","5.7",,"10.1","3.6","20.3","4.4",,"24.6","10.3",,,,,,,"19.3","6.9","5.4",,,,,,"5.1","14.5","6.2",,,,"33.2",,
"Total","Total","2001Q4",,,,"6.7","3.7","7.5",,"20",,,,,,"7.2",,,"13",,,"7.8",,"4.6","7.7",,,"10.6","12.3","8.4",,"5.1",,"11.2",,,,,"5.6",,,"4",,,,"9.3",,,"5.1",,,"3.2",,,,"17.9",,"13.5","6.5",,,,,,,,"8.1",,,"2.2","3.2","5.4",,"8.4","3.5","18.5","4.2",,"21.2","6.6",,,,,,,"18.7","6.9","4.7",,,,,,"5.3","14.6","5.2",,,,,,
"Total","Total","2001Q3",,,,"6.6","3.3","6.5",,"19.1",,,,,,"7.1",,,"13.5",,,"8.2",,"4.7",,,,"10.3","12.5","8",,"5.2",,"10.3",,,,,"5.6",,,"4.3",,,,"9.2",,,"5",,,"3.3",,,,,,,"6.3",,,,,,,,"8.8",,,"2.1","3.6","5.2",,"9.2","3.7","17.9","4",,"20.1","5.8",,,,,,,"19","5.8","4.7",,,,,,"5.1","15.2","4.8",,,,"32.4",,
"Total","Total","2001Q2",,,,"6.8","3.4","6.2",,"19.9",,,,,,"7.1","2.5",,,,"4","8","7.8","4.2","6.8",,,"10.4","13.1","10.3",,"4.7",,"10.5",,,,,"5.7",,,"3.7",,"1.9",,"9.6",,,"5.1",,,"3.5",,,,"16.9","1.8","13.9","6.4",,,,"7.1",,,,"10.1",,,"2.1","3.7","5.4",,"8.9","3.8","18.4","3.9",,"20.8","6.7",,,,,,,"19.3","5.7","4.7",,,,,,"4.2","15.7","4.3",,,,,,
"Total","Total","2001Q1",,,,"6.9","4","6.3",,"22.3",,,,,,"7.5",,,,,,"8.5",,"5",,,,"10.9","14.1","9.8","8.6","5.1",,"11.2",,,,,"6",,,"3.7",,,,"10.1",,,"4.9",,,"4.8",,,,,,,"6.3",,,,,,,,"9.6",,,"2.6","3.4","5.8",,,"3.8","18.3","4.2",,"23.9","7.9",,,,,,,"19.7","6.4","5.3",,,,,,"3.7","14.6","4.6",,,,"29.1",,
"Total","Total","2000Q4",,,,"5.9","3.2","6.9",,"16.6",,,,,,"6.4",,,,,,"8.3",,"4.2","7",,,"13.5","14.9","8.6",,"5.4",,"11",,,,,"6",,,"3.9",,,,"10",,,"4.6",,,"3.7",,,,"16.9",,"14.3","6.6",,"2.4",,,,,,,,,"2.9","2.9","5.6",,,,"16","3.8",,"19.9","7",,,,,,,"18","6.4",,,,,,,"3.2","12.8","3.7",,,,,,
"Total","Total","2000Q3",,,,"5.8","3.1","7.2",,"16.3",,,,,,"6.9",,,,,,"8.5",,"4.5",,,,"13.6","14.2","8.4",,"5.6",,"11",,,,,"6.3",,,"4.4",,,,"10.1",,,"4.6",,,"3.7",,,,,,,"6.7",,"2.9",,,,,,,,,"2.9","3.4","5.9",,,,"15.4","4.1",,"8","6.6",,,,,,,"18.5","6.5",,,,,,,"3.1","12.9","4",,,,"29.1",,
"Total","Total","2000Q2",,,,"6.3","3.1","6.6",,"16.2",,,,,,"6.7","2.7",,,,"4.8","8.7","7.9","4.5","5.9",,,"13.8","13.4","11.1",,"5.6",,"11.3",,,,,"6.6",,,"4.3",,"1.9",,"10.9",,,"4.9",,,"3.8",,,,"16","2.3","14.2","7.1",,"2.6",,"6.3",,,,,,,"2.7","3.5","6.3",,,,"16.4","3.9",,"7.1","7.1",,,,,,,"18.8","6.9","5.5",,,,,,"2.8","13.3","3.9",,,,,,
"Total","Total","2000Q1",,,,"7.2","4.7","7.3",,"18.7",,,,,,"7.3",,,,,,"9.5",,"5.3",,,,"14.8","16.1","11","10.2","5.8",,"12.2",,,,,"6.8",,,"4.8",,,,"11.4",,,"5",,,"5.1",,,,,,,"6.7",,,,,,,,,,,"3.3","3.5","6.8",,,,"16.8","4.5",,"8.5","8.6",,,,,,,"18.8","7.1",,,,,,,"2.8","11.5","4.4",,,,"30.7",,
"Total","Total","1999Q4",,,,"6.4","3.5","8",,,,,,,,"6.5",,,,,,"9",,"5.7",,,,"15.2",,"9.3",,"5.9",,"12.7",,,,,"6.6",,,"5.2",,,,"11.1",,,"4.4",,,"5",,,,"16",,"14.4","6.6",,,,,,,,,,,,,"6.2",,,,,"4.4",,,"7.5",,,,,,,"17.1","7.5",,,,,,,"2.9","10.9","3.8",,,,,,
"Total","Total","1999Q3",,,,"6.7","3.2","8.5",,,,,,,,"7.4",,,,,,"9",,"5.8",,,,"15.3",,"8.9",,"6.2",,"11.8",,,,,"7",,,"5.8",,,,"11.1",,,"4.7",,,"6",,,,,,,"6.8",,,,,,,,,,,,,"6.8",,,,,"4.4",,,"6.1",,,,,,,"16.7","7.4",,,,,,,"3.1","10.5","4.2",,,,,,
"Total","Total","1999Q2",,,,"6.8","3.5","8.7",,,,,,,,"8","3.1",,,,"5.5","8.4","8.9","5.1",,,,"15.5","11.6","11.7",,"6.1",,"11.8",,,,,"6.9",,,"5.8",,"2.2",,"11.7",,,"4.9",,,,,,,"13.4","2.4","13.8","6.2",,"2.6",,,,,,,,,"3.6","3.2","7.3",,,,,"4.6",,,"6.4",,,,,,,"15.6","7.3","7.6",,,,,,"2.8","10.1","4.2",,,,,,
"Total","Total","1999Q1",,,,"7.6","4.7","9.1",,,,,,,,"8.5",,,,,,"8.4",,"5.6",,,,"16.8",,"10.9","12",,,"12.2",,,,,"7.5",,,,,,,"11.9",,,"4.7",,,,,,,,,,"5.7",,,,,,,,,,,,,"7.8",,,,"12.3","4.9",,,"8.4",,,,,,,"15","7.5",,,,,,,"2.8","10.4","4.7",,,,,,
"Total","Total","1998Q4",,,,"7.1",,,,,,,,,,"7.6",,,,,,"7.3",,,,,,"18",,"10.1",,,,"12.4",,,,,,,,,,,,"11.9",,,"4.2",,,,,,,"13.1",,"13.5","5.5",,,,,,,,,,,,,"7.8",,,,,"4.9",,,,,,,,,,"12.4",,,,,,,,"2.9","9.3","4.1",,,,,,
"Total","Total","1998Q3",,,,"7.5",,,,,,,,,,"8",,,,,,"6.8",,,,,,"18.3",,"10.2",,,,"11.7",,,,,,,,,,,,"11.5",,,"4.2",,,,,,,,,,"5.3",,,,,,,,,,,,,"7.5",,,,,"4.8",,,,,,,,,,"12.7",,,,,,,,"3","9.6","4.5",,,,,,
"Total","Total","1998Q2",,,,"7.7",,"9.3",,,,,,,,"8.4","3.6",,,,,"5.9","9.8","5",,,,"18.7","9.5","13.2",,"6.2",,"11.8",,,,,"8.9",,,"7.7",,"3.1",,"12.1",,,"4.2",,,,,,,"13.7","2.8","14.5","4.3",,"3.6",,,,,,,,,"4.4","3.7","7.8",,,,"10","4.7",,,"5.7",,,,,,,"12","7.4","8.9",,,,,,"2.5","9.1","4.3",,,,,,
"Total","Total","1998Q1",,,,"8.4","5.5",,,,,,,,,"9.2",,,,,,"5.9",,,,,,"19.4",,"12.1","12.1",,,"13",,,,,,,,,,,,"11.9",,,"3.8",,,,,,,,,,"3.4",,,,,,,,,,,,,"7.8",,,,,"6",,,,,,,,,,"12.5",,,,,,,,"2.4","9.5","5.1",,,,,,
"Total","Total","1997Q4",,,,"7.6",,,,,,,,,,"8.2",,,,,,"5.2",,,,,,,,,,,,,,,,,,,,,,,,,,,"3.4",,,,,,,,,,"2.8",,,,,,,,,,,,,"6.8",,,,,,,,,,,,,,,,,,,,,,,"2.6",,"4.4",,,,,,
"Total","Total","1997Q3",,,,"8.1",,,,,,,,,,"8.7",,,,,,"4.9",,,,,,,,,,,,,,,,,,,,,,,,,,,"3.4",,,,,,,,,,"3.2",,,,,,,,,,,,,"6.8",,,,,,,,,,,,,,,,,,,,,,,"2.9",,"4.9",,,,,,
"Total","Total","1997Q2",,,,"8.4",,,,,,,,,,"9.4","4.1",,,,,"4.3",,,,,,,"10.4",,,,,"10.5",,,,,"9",,,,,,,,,,"3.4",,,,,,,,,,"3.7",,"4.2",,,,,,,,,,,"6.7",,,,,,,,,,,,,,,,"6.7",,,,,,,"2.6",,"5",,,,,,
"Total","Total","1997Q1",,,,"9.3","5.2",,,,,,,,,"10.2",,,,,,"4.3",,,,,,,,,,,,,,,,,,,,,,,,,,,"3.4",,,,,,,,,,"3.2",,,,,,,,,,,,,"7",,,,,,,,,,,,,,,,,,,,,,,"2.8",,"5.8",,,,,,
"Total","Total","1996Q4",,,,"8.3",,,,,,,,,,"9.3",,,,,,"3.9",,,,,,,,,,,,,,,,,,,,,,,,,,,"3.2",,,,,,,,,,"3.8",,,,,,,,,,,,,"6.1",,,,,,,,,,,,,,,,,,,,,,,"2.8",,"5",,,,,,
"Total","Total","1996Q3",,,,"8.4",,,,,,,,,,"9.4",,,,,,"4.1",,,,,,,,,,,,,,,,,,,,,,,,,,,"3.3",,,,,,,,,,"4.5",,,,,,,,,,,,,"6.3",,,,,,,,,,,,,,,,,,,,,,,"3.1",,"5.3",,,,,,
"Total","Total","1996Q2",,,,"8.3",,,,,,,,,,"9.5","3.7",,,,,"3.6",,,,,,,,,,,,"10.4",,,,,"10",,,,,,,,,,"3.5",,,,,,,,,,"4.5",,"5.4",,,,,,,,,,,"6.1",,,,,,,,,,,,,,,,"6.9",,,,,,,"2.4",,"5.4",,,,,,
"Total","Total","1996Q1",,,,"9","5.3",,,,,,,,,"10.3",,,,,,"3.8",,,,,,,,,,,,,,,,,,,,,,,,,,,"3.5",,,,,,,,,,"4.2",,,,,,,,,,,,,"6.7",,,,,,,,,,,,,,,,,,,,,,,"2.1",,"6.1",,,,,,
"Total","Total","1995Q4",,,,"8",,,,,,,,,,"8.7",,,,,,"3.7",,,,,,,,,,,,,,,,,,,,,,,,,,,"3.2",,,,,,,,,,,,,,,,,,,,,,,"6.3",,,,,,,,,,,,,,,,,,,,,,,"2",,"5.3",,,,,,
"Total","Total","1995Q3",,,,"8.1",,,,,,,,,,"9.2",,,,,,"4.2",,,,,,,,,,,,,,,,,,,,,,,,,,,"3.1",,,,,,,,,,,,,,,,,,,,,,,"6.1",,,,,,,,,,,,,,,,,,,,,,,"2",,"5.7",,,,,,
"Total","Total","1995Q2",,,,"8.3",,,,,,,,,,"9.5",,,,,,"3.9",,,,,,,,,,,,"10.1",,,,,,,,,,,,,,,"3.1",,,,,,,,,,,,"7",,,,,,,,,,,"6.3",,,,,,,,,,,,,,,,,,,,,,,"1.6",,"5.7",,,,,,
"Total","Total","1995Q1",,,,"9.4","4.4",,,,,,,,,"10.5",,,,,,"4.5",,,,,,,,,,,,,,,,,,,,,,,,,,,"3.1",,,,,,,,,,,,,,,,,,,,,,,"7.1",,,,,,,,,,,,,,,,,,,,,,,"1.5",,"6",,,,,,
"Total","Total","1994Q4",,,,"8.7",,,,,,,,,,"9.2",,,,,,"4.2",,,,,,,,,,,,,,,,,,,,,,,,,,,"2.8",,,,,,,,,,,,,,,,,,,,,,,"7.5",,,,,,,,,,,,,,,,,,,,,,,"1.5",,"5.3",,,,,,
"Total","Total","1994Q3",,,,"9.2",,,,,,,,,,"9.8",,,,,,"4.6",,,,,,,,,,,,,,,,,,,,,,,,,,,"2.9",,,,,,,,,,,,,,,,,,,,,,,"7.8",,,,,,,,,,,,,,,,,,,,,,,"1.8",,"6",,,,,,
"Total","Total","1994Q2",,,,"9.8",,,,,,,,,,"10.7",,,,,,"4",,,,,,,,,,,,"9.8",,,,,,,,,,,,,,,"2.8",,,,,,,,,,,,,,,,,,,,,,,"8.4",,,,,,,,,,,,,,,,,,,,,,,"1.4",,"6.1",,,,,,
"Total","Total","1994Q1",,,,"11.2",,,,,,,,,,"12",,,,,,"4.3",,,,,,,,,,,,,,,,,,,,,,,,,,,"3",,,,,,,,,,,,,,,,,,,,,,,"9.7",,,,,,,,,,,,,,,,,,,,,,,"1.5",,"7.1",,,,,,
"Total","Total","1993Q4",,,,"10.5",,,,,,,,,,"10.7",,,,,,"4.1",,,,,,,,,,,,,,,,,,,,,,,,,,,"2.6",,,,,,,,,,,,,,,,,,,,,,,"9.4",,,,,,,,,,,,,,,,,,,,,,,"1.4",,"6.3",,,,,,
"Total","Total","1993Q3",,,,"10.6",,,,,,,,,,"11.1",,,,,,"4.4",,,,,,,,,,,,,,,,,,,,,,,,,,,"2.5",,,,,,,,,,,,,,,,,,,,,,,"9.3",,,,,,,,,,,,,,,,,,,,,,,"1.7",,"6.7",,,,,,
"Total","Total","1993Q2",,,,"10.7",,,,,,,,,,"11.6",,,,,,"4.2",,,,,,,,,,,,"10.2",,,,,,,,,,,,,,,"2.4",,,,,,,,,,,,,,,,,,,,,,,"10",,,,,,,,,,,,,,,,,,,,,,,"1.3",,"7",,,,,,
"Total","Total","1993Q1",,,,"11.7",,,,,,,,,,"12.1",,,,,,"4.7",,,,,,,,,,,,,,,,,,,,,,,,,,,"2.5",,,,,,,,,,,,,,,,,,,,,,,"10.5",,,,,,,,,,,,,,,,,,,,,,,"1.3",,"7.7",,,,,,
"Total","Total","1992Q4",,,,"10.7",,,,,,,,,,"11.1",,,,,,,,,,,,,,,,,,,,,,,,,,,,,,,,,"2.2",,,,,,,,,,,,,,,,,,,,,,,"10.5",,,,,,,,,,,,,,,,,,,,,,,"1.4",,"7",,,,,,
"Total","Total","1992Q3",,,,"10.5",,,,,,,,,,"11",,,,,,,,,,,,,,,,,,,,,,,,,,,,,,,,,"2.1",,,,,,,,,,,,,,,,,,,,,,,"10.4",,,,,,,,,,,,,,,,,,,,,,,"1.8",,"7.5",,,,,,
"Total","Total","1992Q2",,,,"10.5",,,,,,,,,,"11",,,,,,,,,,,,,,,,,,"8.9",,,,,,,,,,,,,,,"2.1",,,,,,,,,,,,,,,,,,,,,,,"10.3",,,,,,,,,,,,,,,,,,,,,,,"1.4",,"7.5",,,,,,
"Total","Total","1992Q1",,,,"11.2",,,,,,,,,,"11.7",,,,,,,,,,,,,,,,,,,,,,,,,,,,,,,,,"2.2",,,,,,,,,,,,,,,,,,,,,,,"11.4",,,,,,,,,,,,,,,,,,,,,,,"1.4",,"8",,,,,,
"Total","Total","1991Q4",,,,"9.8",,,,,,,,,,"9.9",,,,,,,,,,,,,,,,,,,,,,,,,,,,,,,,,"2",,,,,,,,,,,,,,,,,,,,,,,"10.9",,,,,,,,,,,,,,,,,,,,,,,"1.5",,"6.7",,,,,,
"Total","Total","1991Q3",,,,"9.7",,,,,,,,,,"9.9",,,,,,,,,,,,,,,,,,,,,,,,,,,,,,,,,"2.1",,,,,,,,,,,,,,,,,,,,,,,"11",,,,,,,,,,,,,,,,,,,,,,,"1.8",,"6.7",,,,,,
"Total","Total","1991Q2",,,,"9.5",,,,,,,,,,"10.3",,,,,,,,,,,,,,,,,,"7.6",,,,,,,,,,,,,,,"2.1",,,,,,,,,,,,,,,,,,,,,,,"10.3",,,,,,,,,,,,,,,,,,,,,,,"1.4",,"6.8",,,,,,
"Total","Total","1991Q1",,,,"9.4",,,,,,,,,,"11.2",,,,,,,,,,,,,,,,,,,,,,,,,,,,,,,,,"2.2",,,,,,,,,,,,,,,,,,,,,,,"10.2",,,,,,,,,,,,,,,,,,,,,,,"1.4",,"7.2",,,,,,
"Total","Total","1990Q4",,,,"7.6",,,,,,,,,,"8.7",,,,,,,,,,,,,,,,,,,,,,,,,,,,,,,,,"2",,,,,,,,,,,,,,,,,,,,,,,"8.8",,,,,,,,,,,,,,,,,,,,,,,"1.7",,"5.8",,,,,,
"Total","Total","1990Q3",,,,"7",,,,,,,,,,"7.7",,,,,,,,,,,,,,,,,,,,,,,,,,,,,,,,,"2",,,,,,,,,,,,,,,,,,,,,,,"8",,,,,,,,,,,,,,,,,,,,,,,"2",,"5.6",,,,,,
"Total","Total","1990Q2",,,,"6.4",,,,,,,,,,"7.6",,,,,,,,,,,,,,,,,,"7",,,,,,,,,,,,,,,"2.1",,,,,,,,,,,,,,,,,,,,,,,"7.6",,,,,,,,,,,,,,,,,,,,,,,"1.5",,"5.3",,,,,,
"Total","Total","1990Q1",,,,"6.7",,,,,,,,,,"8.4",,,,,,,,,,,,,,,,,,,,,,,,,,,,,,,,,"2.3",,,,,,,,,,,,,,,,,,,,,,,"7.5",,,,,,,,,,,,,,,,,,,,,,,"1.5",,"5.5",,,,,,
"Total","Total","1989Q4",,,,"5.6",,,,,,,"9.1",,,"7.1",,,,,,,,,,,,,,,,,,,,,,,,,,,,,,,,,"2.1",,,,,,,,,,,,,,,,,,,,,,,"7.1",,,,,,,,,,,,,,,,,,,,,,,"1.4",,"5.1",,,,,,
"Total","Total","1989Q3",,,,"5.9",,,,,,,,,,"7",,,,,,,,,,,,,,,,,,,,,,,,,,,,,,,,,"2.2",,,,,,,,,,,,,,,,,,,,,,,"7.2",,,,,,,,,,,,,,,,,,,,,,,"1.8",,"5.2",,,,,,
"Total","Total","1989Q2",,,,"6.1",,,,,,,,,,"7.6",,,,,,,,,,,,,,,,,,"7.5",,,,,,,,,,,,,,,"2.3",,,,,,,,,,,,,,,,,,,,,,,"7.4",,,,,,,,,,,,,,,,,,,,,,,"1.5",,"5.2",,,,,,
"Total","Total","1989Q1",,,,"7.1",,,,,,,"10.3",,,"8.4",,,,,,,,,,,,,,,,,,,,,,,,,,,,,,,,,"2.5",,,,,,,,,,,,,,,,,,,,,,,"7.4",,,,,,,,,,,,,,,,,,,,,,,"1.6",,"5.6",,,,,,
"Total","Total","1988Q4",,,,"6.5",,,,,,,,,,"7.2",,,,,,,,,,,,,,,,,,,,,,,,,,,,,,,,,"2.3",,,,,,,,,,,,,,,,,,,,,,,"6.2",,,,,,,,,,,,,,,,,,,,,,,"1.5",,"5.1",,,,,,
"Total","Total","1988Q3",,,,"6.8",,,,,,,,,,"7.5",,,,,,,,,,,,,,,,,,,,,,,,,,,,,,,,,"2.4",,,,,,,,,,,,,,,,,,,,,,,"6.3",,,,,,,,,,,,,,,,,,,,,,,"1.8",,"5.4",,,,,,
"Total","Total","1988Q2",,,,"7.6",,,,,,,,,,"7.7",,,,,,,,,,,,,,,,,,"7.8",,,,,,,,,,,,,,,"2.5",,,,,,,,,,,,,,,,,,,,,,,"5.5",,,,,,,,,,,,,,,,,,,,,,,"1.7",,"5.4",,,,,,
"Total","Total","1988Q1",,,,"8.2",,,,,,,,,,"8.7",,,,,,,,,,,,,,,,,,,,,,,,,,,,,,,,,"2.9",,,,,,,,,,,,,,,,,,,,,,,"5.2",,,,,,,,,,,,,,,,,,,,,,,"1.8",,"6.2",,,,,,
"Total","Total","1987Q4",,,,"7.6",,,,,,,,,,"7.7",,,,,,,,,,,,,,,,,,,,,,,,,,,,,,,,,"2.6",,,,,,,,,,,,,,,,,,,,,,,"4.3",,,,,,,,,,,,,,,,,,,,,,,"1.9",,"5.6",,,,,,
"Total","Total","1987Q3",,,,"7.8",,,,,,,,,,"8.1",,,,,,,,,,,,,,,,,,,,,,,,,,,,,,,,,"2.7",,,,,,,,,,,,,,,,,,,,,,,"4.1",,,,,,,,,,,,,,,,,,,,,,,"2.1",,"5.9",,,,,,
"Total","Total","1987Q2",,,,"8.1",,,,,,,,,,"9",,,,,,,,,,,,,,,,,,"7.4",,,,,,,,,,,,,,,"3",,,,,,,,,,,,,,,,,,,,,,,"4.2",,,,,,,,,,,,,,,,,,,,,,,"1.8",,"6.2",,,,,,
"Total","Total","1987Q1",,,,"9",,,,,,,,,,"10.5",,,,,,,,,,,,,,,,,,,,,,,,,,,,,,,,,"3.2",,,,,,,,,,,,,,,,,,,,,,,"4.3",,,,,,,,,,,,,,,,,,,,,,,"2.1",,"7.1",,,,,,
"Total","Total","1986Q4",,,,"8",,,,,,,,,,"9",,,,,,,,,,,,,,,,,,,,,,,,,,,,,,,,,"2.7",,,,,,,,,,,,,,,,,,,,,,,"4.1",,,,,,,,,,,,,,,,,,,,,,,"2.3",,"6.5",,,,,,
"Total","Total","1986Q3",,,,"8",,,,,,,,,,"9",,,,,,,,,,,,,,,,,,,,,,,,,,,,,,,,,"2.8",,,,,,,,,,,,,,,,,,,,,,,"4.1",,,,,,,,,,,,,,,,,,,,,,,"3",,"6.8",,,,,,
"Total","Total","1986Q2",,,,"7.8",,,,,,,,,,"9.6",,,,,,,,,,,,,,,,,,,,,,,,,,,,,,,,,"2.8",,,,,,,,,,,,,,,,,,,,,,,"4.1",,,,,,,,,,,,,,,,,,,,,,,"2.5",,"7.1",,,,,,
"Total","Total","1986Q1",,,,"8.6",,,,,,,,,,"10.8",,,,,,,,,,,,,,,,,,,,,,,,,,,,,,,,,"2.9",,,,,,,,,,,,,,,,,,,,,,,"4.4",,,,,,,,,,,,,,,,,,,,,,,"2.9",,"7.5",,,,,,
"Total","Total","1985Q4",,,,"7.5",,,,,,,,,,"9.8",,,,,,,,,,,,,,,,,,,,,,,,,,,,,,,,,"2.6",,,,,,,,,,,,,,,,,,,,,,,,,,,,,,,,,,,,,,,,,,,,,,"3.2",,"6.7",,,,,,
"Total","Total","1985Q3",,,,"7.9",,,,,,,,,,"9.7",,,,,,,,,,,,,,,,,,,,,,,,,,,,,,,,,"2.5",,,,,,,,,,,,,,,,,,,,,,,,,,,,,,,,,,,,,,,,,,,,,,"3.7",,"7.1",,,,,,
"Total","Total","1985Q2",,,,"8.4",,,,,,,,,,"10.7",,,,,,,,,,,,,,,,,,,,,,,,,,,,,,,,,"2.6",,,,,,,,,,,,,,,,,,,,,,,,,,,,,,,,,,,,,,,,,,,,,,"2.5",,"7.2",,,,,,
"Total","Total","1985Q1",,,,"9.2",,,,,,,,,,"11.9",,,,,,,,,,,,,,,,,,,,,,,,,,,,,,,,,"2.8",,,,,,,,,,,,,,,,,,,,,,,,,,,,,,,,,,,,,,,,,,,,,,"2.2",,"7.8",,,,,,
"Total","Total","1984Q4",,,,"8.2",,,,,,,,,,"10.8",,,,,,,,,,,,,,,,,,,,,,,,,,,,,,,,,"2.5",,,,,,,,,,,,,,,,,,,,,,,,,,,,,,,,,,,,,,,,,,,,,,"2.4",,"7",,,,,,
"Total","Total","1984Q3",,,,"8.5",,,,,,,,,,"10.7",,,,,,,,,,,,,,,,,,,,,,,,,,,,,,,,,"2.6",,,,,,,,,,,,,,,,,,,,,,,,,,,,,,,,,,,,,,,,,,,,,,"2.9",,"7.3",,,,,,
"Total","Total","1984Q2",,,,"9.1",,,,,,,,,,"11.6",,,,,,,,,,,,,,,,,,,,,,,,,,,,,,,,,"2.7",,,,,,,,,,,,,,,,,,,,,,,,,,,,,,,,,,,,,,,,,,,,,,"2.1",,"7.4",,,,,,
"Total","Total","1984Q1",,,,"10.1",,,,,,,,,,"12.4",,,,,,,,,,,,,,,,,,,,,,,,,,,,,,,,,"3",,,,,,,,,,,,,,,,,,,,,,,,,,,,,,,,,,,,,,,,,,,,,,"2.4",,"8.4",,,,,,
"Total","Total","1983Q4",,,,"9.3",,,,,,,,,,"10.7",,,,,,,,,,,,,,,,,,,,,,,,,,,,,,,,,"2.5",,,,,,,,,,,,,,,,,,,,,,,,,,,,,,,,,,,,,,,,,,,,,,"2.5",,"8.2",,,,,,
"Total","Total","1983Q3",,,,"10",,,,,,,,,,"11",,,,,,,,,,,,,,,,,,,,,,,,,,,,,,,,,"2.6",,,,,,,,,,,,,,,,,,,,,,,,,,,,,,,,,,,,,,,,,,,,,,"2.8",,"9.1",,,,,,
"Total","Total","1983Q2",,,,"10.2",,,,,,,,,,"12.5",,,,,,,,,,,,,,,,,,,,,,,,,,,,,,,,,"2.7",,,,,,,,,,,,,,,,,,,,,,,,,,,,,,,,,,,,,,,,,,,,,,"2.5",,"10",,,,,,
"Total","Total","1983Q1",,,,"10.4",,,,,,,,,,"13.9",,,,,,,,,,,,,,,,,,,,,,,,,,,,,,,,,"2.9",,,,,,,,,,,,,,,,,,,,,,,,,,,,,,,,,,,,,,,,,,,,,,"3",,"11.2",,,,,,
"Total","Total","1982Q4",,,,"8.5",,,,,,,,,,"12.4",,,,,,,,,,,,,,,,,,,,,,,,,,,,,,,,,"2.3",,,,,,,,,,,,,,,,,,,,,,,,,,,,,,,,,,,,,,,,,,,,,,"2.8",,"10.3",,,,,,
"Total","Total","1982Q3",,,,"6.9",,,,,,,,,,"11.3",,,,,,,,,,,,,,,,,,,,,,,,,,,,,,,,,"2.3",,,,,,,,,,,,,,,,,,,,,,,,,,,,,,,,,,,,,,,,,,,,,,"2.5",,"9.7",,,,,,
"Total","Total","1982Q2",,,,"6.5",,,,,,,,,,"10.5",,,,,,,,,,,,,,,,,,,,,,,,,,,,,,,,,"2.4",,,,,,,,,,,,,,,,,,,,,,,,,,,,,,,,,,,,,,,,,,,,,,"1.8",,"9.3",,,,,,
"Total","Total","1982Q1",,,,"6.8",,,,,,,,,,"9.9",,,,,,,,,,,,,,,,,,,,,,,,,,,,,,,,,"2.4",,,,,,,,,,,,,,,,,,,,,,,,,,,,,,,,,,,,,,,,,,,,,,"1.4",,"9.5",,,,,,
"Total","Total","1981Q4",,,,"5.8",,,,,,,,,,"8",,,,,,,,,,,,,,,,,,,,,,,,,,,,,,,,,"2.1",,,,,,,,,,,,,,,,,,,,,,,,,,,,,,,,,,,,,,,,,,,,,,"1.5",,"7.9",,,,,,
"Total","Total","1981Q3",,,,"5.6",,,,,,,,,,"6.9",,,,,,,,,,,,,,,,,,,,,,,,,,,,,,,,,"2.1",,,,,,,,,,,,,,,,,,,,,,,,,,,,,,,,,,,,,,,,,,,,,,"1.7",,"7.3",,,,,,
"Total","Total","1981Q2",,,,"5.5",,,,,,,,,,"7.3",,,,,,,,,,,,,,,,,,,,,,,,,,,,,,,,,"2.3",,,,,,,,,,,,,,,,,,,,,,,,,,,,,,,,,,,,,,,,,,,,,,"1.1",,"7.3",,,,,,
"Total","Total","1981Q1",,,,"6.3",,,,,,,,,,"8.3",,,,,,,,,,,,,,,,,,,,,,,,,,,,,,,,,"2.4",,,,,,,,,,,,,,,,,,,,,,,,,,,,,,,,,,,,,,,,,,,,,,"1.2",,"8",,,,,,
"Total","Total","1980Q4",,,,"5.8",,,,,,,,,,"6.8",,,,,,,,,,,,,,,,,,,,,,,,,,,,,,,,,"2.1",,,,,,,,,,,,,,,,,,,,,,,,,,,,,,,,,,,,,,,,,,,,,,"1.2",,"7.1",,,,,,
"Total","Total","1980Q3",,,,"5.9",,,,,,,,,,"7",,,,,,,,,,,,,,,,,,,,,,,,,,,,,,,,,"2",,,,,,,,,,,,,,,,,,,,,,,,,,,,,,,,,,,,,,,,,,,,,,"1.5",,"7.5",,,,,,
"Total","Total","1980Q2",,,,"6.2",,,,,,,,,,"7.9",,,,,,,,,,,,,,,,,,,,,,,,,,,,,,,,,"1.9",,,,,,,,,,,,,,,,,,,,,,,,,,,,,,,,,,,,,,,,,,,,,,"1.1",,"7.2",,,,,,
"Total","Total","1980Q1",,,,"6.6",,,,,,,,,,"8.5",,,,,,,,,,,,,,,,,,,,,,,,,,,,,,,,,"2.1",,,,,,,,,,,,,,,,,,,,,,,,,,,,,,,,,,,,,,,,,,,,,,"1",,"6.8",,,,,,
"Total","Total","1979Q4",,,,"6",,,,,,,,,,"6.8",,,,,,,,,,,,,,,,,,,,,,,,,,,,,,,,,"2",,,,,,,,,,,,,,,,,,,,,,,,,,,,,,,,,,,,,,,,,,,,,,"1.2",,"5.6",,,,,,
"Total","Total","1979Q3",,,,"6",,,,,,,,,,"6.6",,,,,,,,,,,,,,,,,,,,,,,,,,,,,,,,,"2",,,,,,,,,,,,,,,,,,,,,,,,,,,,,,,,,,,,,,,,,,,,,,"1.5",,"5.8",,,,,,
"Total","Total","1979Q2",,,,"6.2",,,,,,,,,,"7.7",,,,,,,,,,,,,,,,,,,,,,,,,,,,,,,,,"2",,,,,,,,,,,,,,,,,,,,,,,,,,,,,,,,,,,,,,,,,,,,,,"1.1",,"5.6",,,,,,
"Total","Total","1979Q1",,,,"6.9",,,,,,,,,,"9",,,,,,,,,,,,,,,,,,,,,,,,,,,,,,,,,"2.3",,,,,,,,,,,,,,,,,,,,,,,,,,,,,,,,,,,,,,,,,,,,,,"1.3",,"6.3",,,,,,
"Total","Total","1978Q4",,,,"6.1",,,,,,,,,,"7.7",,,,,,,,,,,,,,,,,,,,,,,,,,,,,,,,,"2.1",,,,,,,,,,,,,,,,,,,,,,,,,,,,,,,,,,,,,,,,,,,,,,"1.3",,"5.6",,,,,,
"Total","Total","1978Q3",,,,"6.1",,,,,,,,,,"7.8",,,,,,,,,,,,,,,,,,,,,,,,,,,,,,,,,"2.2",,,,,,,,,,,,,,,,,,,,,,,,,,,,,,,,,,,,,,,,,,,,,,"1.9",,"6",,,,,,
"Total","Total","1978Q2",,,,"6.2",,,,,,,,,,"8.6",,,,,,,,,,,,,,,,,,,,,,,,,,,,,,,,,"2.2",,,,,,,,,,,,,,,,,,,,,,,,,,,,,,,,,,,,,,,,,,,,,,"1.6",,"5.9",,,,,,
"Total","Total","2023Q4",,,,,,,,,,,,,,"5.3",,,"8.8",,,,,,,,,,,,,,,,,,,,,,,,,,,,"4.2",,"2.4",,,"2.5",,,,,,,,,,,,,,,,,,,,,,,,,,,,,,,,,,,,,,,,,,,,,"3.5",,,,"27.5",,
"Total","Total","1978Q1",,,,,,,,,,,,,,"9.5",,,,,,,,,,,,,,,,,,,,,,,,,,,,,,,,,"2.5",,,,,,,,,,,,,,,,,,,,,,,,,,,,,,,,,,,,,,,,,,,,,,"1.9",,"6.9",,,,,,
"Total","Total","1977Q4",,,,,,,,,,,,,,"7.8",,,,,,,,,,,,,,,,,,,,,,,,,,,,,,,,,"1.9",,,,,,,,,,,,,,,,,,,,,,,,,,,,,,,,,,,,,,,,,,,,,,,,"6.3",,,,,,
"Total","Total","1977Q3",,,,,,,,,,,,,,"7.6",,,,,,,,,,,,,,,,,,,,,,,,,,,,,,,,,"1.9",,,,,,,,,,,,,,,,,,,,,,,,,,,,,,,,,,,,,,,,,,,,,,,,"6.8",,,,,,
"Total","Total","1977Q2",,,,,,,,,,,,,,"8",,,,,,,,,,,,,,,,,,,,,,,,,,,,,,,,,"2",,,,,,,,,,,,,,,,,,,,,,,,,,,,,,,,,,,,,,,,,,,,,,,,"6.9",,,,,,
"Total","Total","1977Q1",,,,,,,,,,,,,,"8.8",,,,,,,,,,,,,,,,,,,,,,,,,,,,,,,,,"2.3",,,,,,,,,,,,,,,,,,,,,,,,,,,,,,,,,,,,,,,,,,,,,,,,"8.2",,,,,,
"Total","Total","1976Q4",,,,,,,,,,,,,,"6.9",,,,,,,,,,,,,,,,,,,,,,,,,,,,,,,,,"1.8",,,,,,,,,,,,,,,,,,,,,,,,,,,,,,,,,,,,,,,,,,,,,,,,"7.3",,,,,,
"Total","Total","1976Q3",,,,,,,,,,,,,,"6.7",,,,,,,,,,,,,,,,,,,,,,,,,,,,,,,,,"1.9",,,,,,,,,,,,,,,,,,,,,,,,,,,,,,,,,,,,,,,,,,,,,,,,"7.6",,,,,,
"Total","Total","1976Q2",,,,,,,,,,,,,,"7",,,,,,,,,,,,,,,,,,,,,,,,,,,,,,,,,"2",,,,,,,,,,,,,,,,,,,,,,,,,,,,,,,,,,,,,,,,,,,,,,,,"7.4",,,,,,
"Total","Total","1976Q1",,,,,,,,,,,,,,"7.9",,,,,,,,,,,,,,,,,,,,,,,,,,,,,,,,,"2.4",,,,,,,,,,,,,,,,,,,,,,,,,,,,,,,,,,,,,,,,,,,,,,,,"8.5",,,,,,
"Total","Total","1975Q4",,,,,,,,,,,,,,,,,,,,,,,,,,,,,,,,,,,,,,,,,,,,,,,"1.9",,,,,,,,,,,,,,,,,,,,,,,,,,,,,,,,,,,,,,,,,,,,,,,,"7.8",,,,,,
"Total","Total","1975Q3",,,,,,,,,,,,,,,,,,,,,,,,,,,,,,,,,,,,,,,,,,,,,,,"1.7",,,,,,,,,,,,,,,,,,,,,,,,,,,,,,,,,,,,,,,,,,,,,,,,"8.3",,,,,,
"Total","Total","1975Q2",,,,,,,,,,,,,,,,,,,,,,,,,,,,,,,,,,,,,,,,,,,,,,,"1.8",,,,,,,,,,,,,,,,,,,,,,,,,,,,,,,,,,,,,,,,,,,,,,,,"8.7",,,,,,
"Total","Total","1975Q1",,,,,,,,,,,,,,,,,,,,,,,,,,,,,,,,,,,,,,,,,,,,,,,"2.1",,,,,,,,,,,,,,,,,,,,,,,,,,,,,,,,,,,,,,,,,,,,,,,,"9.1",,,,,,
"Total","Total","1974Q4",,,,,,,,,,,,,,,,,,,,,,,,,,,,,,,,,,,,,,,,,,,,,,,"1.5",,,,,,,,,,,,,,,,,,,,,,,,,,,,,,,,,,,,,,,,,,,,,,,,"6.2",,,,,,
"Total","Total","1974Q3",,,,,,,,,,,,,,,,,,,,,,,,,,,,,,,,,,,,,,,,,,,,,,,"1.3",,,,,,,,,,,,,,,,,,,,,,,,,,,,,,,,,,,,,,,,,,,,,,,,"5.6",,,,,,
"Total","Total","1974Q2",,,,,,,,,,,,,,,,,,,,,,,,,,,,,,,,,,,,,,,,,,,,,,,"1.2",,,,,,,,,,,,,,,,,,,,,,,,,,,,,,,,,,,,,,,,,,,,,,,,"5.1",,,,,,
"Total","Total","1974Q1",,,,,,,,,,,,,,,,,,,,,,,,,,,,,,,,,,,,,,,,,,,,,,,"1.6",,,,,,,,,,,,,,,,,,,,,,,,,,,,,,,,,,,,,,,,,,,,,,,,"5.6",,,,,,
"Total","Total","1973Q4",,,,,,,,,,,,,,,,,,,,,,,,,,,,,,,,,,,,,,,,,,,,,,,"1",,,,,,,,,,,,,,,,,,,,,,,,,,,,,,,,,,,,,,,,,,,,,,,,"4.4",,,,,,
"Total","Total","1973Q3",,,,,,,,,,,,,,,,,,,,,,,,,,,,,,,,,,,,,,,,,,,,,,,"1.2",,,,,,,,,,,,,,,,,,,,,,,,,,,,,,,,,,,,,,,,,,,,,,,,"4.8",,,,,,
"Total","Total","1973Q2",,,,,,,,,,,,,,,,,,,,,,,,,,,,,,,,,,,,,,,,,,,,,,,"1.3",,,,,,,,,,,,,,,,,,,,,,,,,,,,,,,,,,,,,,,,,,,,,,,,"4.9",,,,,,
"Total","Total","1973Q1",,,,,,,,,,,,,,,,,,,,,,,,,,,,,,,,,,,,,,,,,,,,,,,"1.5",,,,,,,,,,,,,,,,,,,,,,,,,,,,,,,,,,,,,,,,,,,,,,,,"5.4",,,,,,
"Total","Total","1972Q4",,,,,,,,,,,,,,,,,,,,,,,,,,,,,,,,,,,,,,,,,,,,,,,"1.2",,,,,,,,,,,,,,,,,,,,,,,,,,,,,,,,,,,,,,,,,,,,,,,,"4.9",,,,,,
"Total","Total","1972Q3",,,,,,,,,,,,,,,,,,,,,,,,,,,,,,,,,,,,,,,,,,,,,,,"1.3",,,,,,,,,,,,,,,,,,,,,,,,,,,,,,,,,,,,,,,,,,,,,,,,"5.6",,,,,,
"Total","Total","1972Q2",,,,,,,,,,,,,,,,,,,,,,,,,,,,,,,,,,,,,,,,,,,,,,,"1.3",,,,,,,,,,,,,,,,,,,,,,,,,,,,,,,,,,,,,,,,,,,,,,,,"5.6",,,,,,
"Total","Total","1972Q1",,,,,,,,,,,,,,,,,,,,,,,,,,,,,,,,,,,,,,,,,,,,,,,"1.7",,,,,,,,,,,,,,,,,,,,,,,,,,,,,,,,,,,,,,,,,,,,,,,,"6.3",,,,,,
"Total","Total","1971Q4",,,,,,,,,,,,,,,,,,,,,,,,,,,,,,,,,,,,,,,,,,,,,,,"1.2",,,,,,,,,,,,,,,,,,,,,,,,,,,,,,,,,,,,,,,,,,,,,,,,"5.5",,,,,,
"Total","Total","1971Q3",,,,,,,,,,,,,,,,,,,,,,,,,,,,,,,,,,,,,,,,,,,,,,,"1.1",,,,,,,,,,,,,,,,,,,,,,,,,,,,,,,,,,,,,,,,,,,,,,,,"6",,,,,,
"Total","Total","1971Q2",,,,,,,,,,,,,,,,,,,,,,,,,,,,,,,,,,,,,,,,,,,,,,,"1.2",,,,,,,,,,,,,,,,,,,,,,,,,,,,,,,,,,,,,,,,,,,,,,,,"5.8",,,,,,
"Total","Total","1971Q1",,,,,,,,,,,,,,,,,,,,,,,,,,,,,,,,,,,,,,,,,,,,,,,"1.4",,,,,,,,,,,,,,,,,,,,,,,,,,,,,,,,,,,,,,,,,,,,,,,,"6.5",,,,,,
"Total","Total","1970Q4",,,,,,,,,,,,,,,,,,,,,,,,,,,,,,,,,,,,,,,,,,,,,,,"1.1",,,,,,,,,,,,,,,,,,,,,,,,,,,,,,,,,,,,,,,,,,,,,,,,"5.4",,,,,,
"Total","Total","1970Q3",,,,,,,,,,,,,,,,,,,,,,,,,,,,,,,,,,,,,,,,,,,,,,,"1.1",,,,,,,,,,,,,,,,,,,,,,,,,,,,,,,,,,,,,,,,,,,,,,,,"5.2",,,,,,
"Total","Total","1970Q2",,,,,,,,,,,,,,,,,,,,,,,,,,,,,,,,,,,,,,,,,,,,,,,"1.1",,,,,,,,,,,,,,,,,,,,,,,,,,,,,,,,,,,,,,,,,,,,,,,,"4.7",,,,,,
"Total","Total","1970Q1",,,,,,,,,,,,,,,,,,,,,,,,,,,,,,,,,,,,,,,,,,,,,,,"1.3",,,,,,,,,,,,,,,,,,,,,,,,,,,,,,,,,,,,,,,,,,,,,,,,"4.5",,,,,,
"Total","Total","1969Q4",,,,,,,,,,,,,,,,,,,,,,,,,,,,,,,,,,,,,,,,,,,,,,,"0.9",,,,,,,,,,,,,,,,,,,,,,,,,,,,,,,,,,,,,,,,,,,,,,,,"3.3",,,,,,
"Total","Total","1969Q3",,,,,,,,,,,,,,,,,,,,,,,,,,,,,,,,,,,,,,,,,,,,,,,"1.1",,,,,,,,,,,,,,,,,,,,,,,,,,,,,,,,,,,,,,,,,,,,,,,,"3.7",,,,,,
"Total","Total","1969Q2",,,,,,,,,,,,,,,,,,,,,,,,,,,,,,,,,,,,,,,,,,,,,,,"1.1",,,,,,,,,,,,,,,,,,,,,,,,,,,,,,,,,,,,,,,,,,,,,,,,"3.4",,,,,,
"Total","Total","1969Q1",,,,,,,,,,,,,,,,,,,,,,,,,,,,,,,,,,,,,,,,,,,,,,,"1.4",,,,,,,,,,,,,,,,,,,,,,,,,,,,,,,,,,,,,,,,,,,,,,,,"3.6",,,,,,
"Total","Total","1968Q4",,,,,,,,,,,,,,,,,,,,,,,,,,,,,,,,,,,,,,,,,,,,,,,"0.9",,,,,,,,,,,,,,,,,,,,,,,,,,,,,,,,,,,,,,,,,,,,,,,,"3.2",,,,,,
"Total","Total","1968Q3",,,,,,,,,,,,,,,,,,,,,,,,,,,,,,,,,,,,,,,,,,,,,,,"1.1",,,,,,,,,,,,,,,,,,,,,,,,,,,,,,,,,,,,,,,,,,,,,,,,"3.6",,,,,,
"Total","Total","1968Q2",,,,,,,,,,,,,,,,,,,,,,,,,,,,,,,,,,,,,,,,,,,,,,,"1.1",,,,,,,,,,,,,,,,,,,,,,,,,,,,,,,,,,,,,,,,,,,,,,,,"3.6",,,,,,
"Total","Total","1968Q1",,,,,,,,,,,,,,,,,,,,,,,,,,,,,,,,,,,,,,,,,,,,,,,"1.6",,,,,,,,,,,,,,,,,,,,,,,,,,,,,,,,,,,,,,,,,,,,,,,,"4",,,,,,
"Total","Total","1967Q4",,,,,,,,,,,,,,,,,,,,,,,,,,,,,,,,,,,,,,,,,,,,,,,,,,,,,,,,,,,,,,,,,,,,,,,,,,,,,,,,,,,,,,,,,,,,,,,"3.7",,,,,,
"Total","Total","1967Q3",,,,,,,,,,,,,,,,,,,,,,,,,,,,,,,,,,,,,,,,,,,,,,,,,,,,,,,,,,,,,,,,,,,,,,,,,,,,,,,,,,,,,,,,,,,,,,,"3.8",,,,,,
"Total","Total","1967Q2",,,,,,,,,,,,,,,,,,,,,,,,,,,,,,,,,,,,,,,,,,,,,,,,,,,,,,,,,,,,,,,,,,,,,,,,,,,,,,,,,,,,,,,,,,,,,,,"3.8",,,,,,
"Total","Total","1967Q1",,,,,,,,,,,,,,,,,,,,,,,,,,,,,,,,,,,,,,,,,,,,,,,,,,,,,,,,,,,,,,,,,,,,,,,,,,,,,,,,,,,,,,,,,,,,,,,"4.1",,,,,,
"Total","Total","1966Q4",,,,,,,,,,,,,,,,,,,,,,,,,,,,,,,,,,,,,,,,,,,,,,,,,,,,,,,,,,,,,,,,,,,,,,,,,,,,,,,,,,,,,,,,,,,,,,,"3.4",,,,,,
"Total","Total","1966Q3",,,,,,,,,,,,,,,,,,,,,,,,,,,,,,,,,,,,,,,,,,,,,,,,,,,,,,,,,,,,,,,,,,,,,,,,,,,,,,,,,,,,,,,,,,,,,,,"3.6",,,,,,
"Total","Total","1966Q2",,,,,,,,,,,,,,,,,,,,,,,,,,,,,,,,,,,,,,,,,,,,,,,,,,,,,,,,,,,,,,,,,,,,,,,,,,,,,,,,,,,,,,,,,,,,,,,"4",,,,,,
"Total","Total","1966Q1",,,,,,,,,,,,,,,,,,,,,,,,,,,,,,,,,,,,,,,,,,,,,,,,,,,,,,,,,,,,,,,,,,,,,,,,,,,,,,,,,,,,,,,,,,,,,,,"4.2",,,,,,
"Total","Total","1965Q4",,,,,,,,,,,,,,,,,,,,,,,,,,,,,,,,,,,,,,,,,,,,,,,,,,,,,,,,,,,,,,,,,,,,,,,,,,,,,,,,,,,,,,,,,,,,,,,"3.7",,,,,,
"Total","Total","1965Q3",,,,,,,,,,,,,,,,,,,,,,,,,,,,,,,,,,,,,,,,,,,,,,,,,,,,,,,,,,,,,,,,,,,,,,,,,,,,,,,,,,,,,,,,,,,,,,,"4.2",,,,,,
"Total","Total","1965Q2",,,,,,,,,,,,,,,,,,,,,,,,,,,,,,,,,,,,,,,,,,,,,,,,,,,,,,,,,,,,,,,,,,,,,,,,,,,,,,,,,,,,,,,,,,,,,,,"4.8",,,,,,
"Total","Total","1965Q1",,,,,,,,,,,,,,,,,,,,,,,,,,,,,,,,,,,,,,,,,,,,,,,,,,,,,,,,,,,,,,,,,,,,,,,,,,,,,,,,,,,,,,,,,,,,,,,"5.4",,,,,,
"Total","Total","1964Q4",,,,,,,,,,,,,,,,,,,,,,,,,,,,,,,,,,,,,,,,,,,,,,,,,,,,,,,,,,,,,,,,,,,,,,,,,,,,,,,,,,,,,,,,,,,,,,,"4.5",,,,,,
"Total","Total","1964Q3",,,,,,,,,,,,,,,,,,,,,,,,,,,,,,,,,,,,,,,,,,,,,,,,,,,,,,,,,,,,,,,,,,,,,,,,,,,,,,,,,,,,,,,,,,,,,,,"4.7",,,,,,
"Total","Total","1964Q2",,,,,,,,,,,,,,,,,,,,,,,,,,,,,,,,,,,,,,,,,,,,,,,,,,,,,,,,,,,,,,,,,,,,,,,,,,,,,,,,,,,,,,,,,,,,,,,"5.3",,,,,,
"Total","Total","1964Q1",,,,,,,,,,,,,,,,,,,,,,,,,,,,,,,,,,,,,,,,,,,,,,,,,,,,,,,,,,,,,,,,,,,,,,,,,,,,,,,,,,,,,,,,,,,,,,,"6.2",,,,,,
"Total","Total","1963Q4",,,,,,,,,,,,,,,,,,,,,,,,,,,,,,,,,,,,,,,,,,,,,,,,,,,,,,,,,,,,,,,,,,,,,,,,,,,,,,,,,,,,,,,,,,,,,,,"5.1",,,,,,
"Total","Total","1963Q3",,,,,,,,,,,,,,,,,,,,,,,,,,,,,,,,,,,,,,,,,,,,,,,,,,,,,,,,,,,,,,,,,,,,,,,,,,,,,,,,,,,,,,,,,,,,,,,"5.2",,,,,,
"Total","Total","1963Q2",,,,,,,,,,,,,,,,,,,,,,,,,,,,,,,,,,,,,,,,,,,,,,,,,,,,,,,,,,,,,,,,,,,,,,,,,,,,,,,,,,,,,,,,,,,,,,,"5.8",,,,,,
"Total","Total","1963Q1",,,,,,,,,,,,,,,,,,,,,,,,,,,,,,,,,,,,,,,,,,,,,,,,,,,,,,,,,,,,,,,,,,,,,,,,,,,,,,,,,,,,,,,,,,,,,,,"6.6",,,,,,
"Total","Total","1962Q4",,,,,,,,,,,,,,,,,,,,,,,,,,,,,,,,,,,,,,,,,,,,,,,,,,,,,,,,,,,,,,,,,,,,,,,,,,,,,,,,,,,,,,,,,,,,,,,"5.1",,,,,,
"Total","Total","1962Q3",,,,,,,,,,,,,,,,,,,,,,,,,,,,,,,,,,,,,,,,,,,,,,,,,,,,,,,,,,,,,,,,,,,,,,,,,,,,,,,,,,,,,,,,,,,,,,,"5.2",,,,,,
"Total","Total","1962Q2",,,,,,,,,,,,,,,,,,,,,,,,,,,,,,,,,,,,,,,,,,,,,,,,,,,,,,,,,,,,,,,,,,,,,,,,,,,,,,,,,,,,,,,,,,,,,,,"5.5",,,,,,
"Total","Total","1962Q1",,,,,,,,,,,,,,,,,,,,,,,,,,,,,,,,,,,,,,,,,,,,,,,,,,,,,,,,,,,,,,,,,,,,,,,,,,,,,,,,,,,,,,,,,,,,,,,"6.5",,,,,,
"Total","Total","1961Q4",,,,,,,,,,,,,,,,,,,,,,,,,,,,,,,,,,,,,,,,,,,,,,,,,,,,,,,,,,,,,,,,,,,,,,,,,,,,,,,,,,,,,,,,,,,,,,,"5.6",,,,,,
"Total","Total","1961Q3",,,,,,,,,,,,,,,,,,,,,,,,,,,,,,,,,,,,,,,,,,,,,,,,,,,,,,,,,,,,,,,,,,,,,,,,,,,,,,,,,,,,,,,,,,,,,,,"6.3",,,,,,
"Total","Total","1961Q2",,,,,,,,,,,,,,,,,,,,,,,,,,,,,,,,,,,,,,,,,,,,,,,,,,,,,,,,,,,,,,,,,,,,,,,,,,,,,,,,,,,,,,,,,,,,,,,"7",,,,,,
"Total","Total","1961Q1",,,,,,,,,,,,,,,,,,,,,,,,,,,,,,,,,,,,,,,,,,,,,,,,,,,,,,,,,,,,,,,,,,,,,,,,,,,,,,,,,,,,,,,,,,,,,,,"7.9",,,,,,
"Total","Total","1960Q4",,,,,,,,,,,,,,,,,,,,,,,,,,,,,,,,,,,,,,,,,,,,,,,,,,,,,,,,,,,,,,,,,,,,,,,,,,,,,,,,,,,,,,,,,,,,,,,"5.7",,,,,,
"Total","Total","1960Q3",,,,,,,,,,,,,,,,,,,,,,,,,,,,,,,,,,,,,,,,,,,,,,,,,,,,,,,,,,,,,,,,,,,,,,,,,,,,,,,,,,,,,,,,,,,,,,,"5.1",,,,,,
"Total","Total","1960Q2",,,,,,,,,,,,,,,,,,,,,,,,,,,,,,,,,,,,,,,,,,,,,,,,,,,,,,,,,,,,,,,,,,,,,,,,,,,,,,,,,,,,,,,,,,,,,,,"5.3",,,,,,
"Total","Total","1960Q1",,,,,,,,,,,,,,,,,,,,,,,,,,,,,,,,,,,,,,,,,,,,,,,,,,,,,,,,,,,,,,,,,,,,,,,,,,,,,,,,,,,,,,,,,,,,,,,"6",,,,,,
"Total","Total","1959Q4",,,,,,,,,,,,,,,,,,,,,,,,,,,,,,,,,,,,,,,,,,,,,,,,,,,,,,,,,,,,,,,,,,,,,,,,,,,,,,,,,,,,,,,,,,,,,,,"5",,,,,,
"Total","Total","1959Q3",,,,,,,,,,,,,,,,,,,,,,,,,,,,,,,,,,,,,,,,,,,,,,,,,,,,,,,,,,,,,,,,,,,,,,,,,,,,,,,,,,,,,,,,,,,,,,,"4.9",,,,,,
"Total","Total","1959Q2",,,,,,,,,,,,,,,,,,,,,,,,,,,,,,,,,,,,,,,,,,,,,,,,,,,,,,,,,,,,,,,,,,,,,,,,,,,,,,,,,,,,,,,,,,,,,,,"5.2",,,,,,
"Total","Total","1959Q1",,,,,,,,,,,,,,,,,,,,,,,,,,,,,,,,,,,,,,,,,,,,,,,,,,,,,,,,,,,,,,,,,,,,,,,,,,,,,,,,,,,,,,,,,,,,,,,"6.8",,,,,,
"Total","Total","1958Q4",,,,,,,,,,,,,,,,,,,,,,,,,,,,,,,,,,,,,,,,,,,,,,,,,,,,,,,,,,,,,,,,,,,,,,,,,,,,,,,,,,,,,,,,,,,,,,,"5.7",,,,,,
"Total","Total","1958Q3",,,,,,,,,,,,,,,,,,,,,,,,,,,,,,,,,,,,,,,,,,,,,,,,,,,,,,,,,,,,,,,,,,,,,,,,,,,,,,,,,,,,,,,,,,,,,,,"6.7",,,,,,
"Total","Total","1958Q2",,,,,,,,,,,,,,,,,,,,,,,,,,,,,,,,,,,,,,,,,,,,,,,,,,,,,,,,,,,,,,,,,,,,,,,,,,,,,,,,,,,,,,,,,,,,,,,"7.4",,,,,,
"Total","Total","1958Q1",,,,,,,,,,,,,,,,,,,,,,,,,,,,,,,,,,,,,,,,,,,,,,,,,,,,,,,,,,,,,,,,,,,,,,,,,,,,,,,,,,,,,,,,,,,,,,,"7.4",,,,,,
"Total","Total","1957Q4",,,,,,,,,,,,,,,,,,,,,,,,,,,,,,,,,,,,,,,,,,,,,,,,,,,,,,,,,,,,,,,,,,,,,,,,,,,,,,,,,,,,,,,,,,,,,,,"4.4",,,,,,
"Total","Total","1957Q3",,,,,,,,,,,,,,,,,,,,,,,,,,,,,,,,,,,,,,,,,,,,,,,,,,,,,,,,,,,,,,,,,,,,,,,,,,,,,,,,,,,,,,,,,,,,,,,"3.9",,,,,,
"Total","Total","1957Q2",,,,,,,,,,,,,,,,,,,,,,,,,,,,,,,,,,,,,,,,,,,,,,,,,,,,,,,,,,,,,,,,,,,,,,,,,,,,,,,,,,,,,,,,,,,,,,,"4.2",,,,,,
"Total","Total","1957Q1",,,,,,,,,,,,,,,,,,,,,,,,,,,,,,,,,,,,,,,,,,,,,,,,,,,,,,,,,,,,,,,,,,,,,,,,,,,,,,,,,,,,,,,,,,,,,,,"4.6",,,,,,
"Total","Total","1956Q4",,,,,,,,,,,,,,,,,,,,,,,,,,,,,,,,,,,,,,,,,,,,,,,,,,,,,,,,,,,,,,,,,,,,,,,,,,,,,,,,,,,,,,,,,,,,,,,"3.7",,,,,,
"Total","Total","1956Q3",,,,,,,,,,,,,,,,,,,,,,,,,,,,,,,,,,,,,,,,,,,,,,,,,,,,,,,,,,,,,,,,,,,,,,,,,,,,,,,,,,,,,,,,,,,,,,,"3.8",,,,,,
"Total","Total","1956Q2",,,,,,,,,,,,,,,,,,,,,,,,,,,,,,,,,,,,,,,,,,,,,,,,,,,,,,,,,,,,,,,,,,,,,,,,,,,,,,,,,,,,,,,,,,,,,,,"4.3",,,,,,
"Total","Total","1956Q1",,,,,,,,,,,,,,,,,,,,,,,,,,,,,,,,,,,,,,,,,,,,,,,,,,,,,,,,,,,,,,,,,,,,,,,,,,,,,,,,,,,,,,,,,,,,,,,"4.7",,,,,,
"Total","Total","1955Q4",,,,,,,,,,,,,,,,,,,,,,,,,,,,,,,,,,,,,,,,,,,,,,,,,,,,,,,,,,,,,,,,,,,,,,,,,,,,,,,,,,,,,,,,,,,,,,,"3.7",,,,,,
"Total","Total","1955Q3",,,,,,,,,,,,,,,,,,,,,,,,,,,,,,,,,,,,,,,,,,,,,,,,,,,,,,,,,,,,,,,,,,,,,,,,,,,,,,,,,,,,,,,,,,,,,,,"3.8",,,,,,
"Total","Total","1955Q2",,,,,,,,,,,,,,,,,,,,,,,,,,,,,,,,,,,,,,,,,,,,,,,,,,,,,,,,,,,,,,,,,,,,,,,,,,,,,,,,,,,,,,,,,,,,,,,"4.5",,,,,,
"Total","Total","1955Q1",,,,,,,,,,,,,,,,,,,,,,,,,,,,,,,,,,,,,,,,,,,,,,,,,,,,,,,,,,,,,,,,,,,,,,,,,,,,,,,,,,,,,,,,,,,,,,,"5.6",,,,,,
"Total","Total","1954Q4",,,,,,,,,,,,,,,,,,,,,,,,,,,,,,,,,,,,,,,,,,,,,,,,,,,,,,,,,,,,,,,,,,,,,,,,,,,,,,,,,,,,,,,,,,,,,,,"4.7",,,,,,
"Total","Total","1954Q3",,,,,,,,,,,,,,,,,,,,,,,,,,,,,,,,,,,,,,,,,,,,,,,,,,,,,,,,,,,,,,,,,,,,,,,,,,,,,,,,,,,,,,,,,,,,,,,"5.5",,,,,,
"Total","Total","1954Q2",,,,,,,,,,,,,,,,,,,,,,,,,,,,,,,,,,,,,,,,,,,,,,,,,,,,,,,,,,,,,,,,,,,,,,,,,,,,,,,,,,,,,,,,,,,,,,,"5.8",,,,,,
"Total","Total","1954Q1",,,,,,,,,,,,,,,,,,,,,,,,,,,,,,,,,,,,,,,,,,,,,,,,,,,,,,,,,,,,,,,,,,,,,,,,,,,,,,,,,,,,,,,,,,,,,,,"6.1",,,,,,
"Total","Total","1953Q4",,,,,,,,,,,,,,,,,,,,,,,,,,,,,,,,,,,,,,,,,,,,,,,,,,,,,,,,,,,,,,,,,,,,,,,,,,,,,,,,,,,,,,,,,,,,,,,"3.3",,,,,,
"Total","Total","1953Q3",,,,,,,,,,,,,,,,,,,,,,,,,,,,,,,,,,,,,,,,,,,,,,,,,,,,,,,,,,,,,,,,,,,,,,,,,,,,,,,,,,,,,,,,,,,,,,,"2.5",,,,,,
"Total","Total","1953Q2",,,,,,,,,,,,,,,,,,,,,,,,,,,,,,,,,,,,,,,,,,,,,,,,,,,,,,,,,,,,,,,,,,,,,,,,,,,,,,,,,,,,,,,,,,,,,,,"2.7",,,,,,
"Total","Total","1953Q1",,,,,,,,,,,,,,,,,,,,,,,,,,,,,,,,,,,,,,,,,,,,,,,,,,,,,,,,,,,,,,,,,,,,,,,,,,,,,,,,,,,,,,,,,,,,,,,"3.2",,,,,,
"Total","Total","1952Q4",,,,,,,,,,,,,,,,,,,,,,,,,,,,,,,,,,,,,,,,,,,,,,,,,,,,,,,,,,,,,,,,,,,,,,,,,,,,,,,,,,,,,,,,,,,,,,,"2.5",,,,,,
"Total","Total","1952Q3",,,,,,,,,,,,,,,,,,,,,,,,,,,,,,,,,,,,,,,,,,,,,,,,,,,,,,,,,,,,,,,,,,,,,,,,,,,,,,,,,,,,,,,,,,,,,,,"3",,,,,,
"Total","Total","1952Q2",,,,,,,,,,,,,,,,,,,,,,,,,,,,,,,,,,,,,,,,,,,,,,,,,,,,,,,,,,,,,,,,,,,,,,,,,,,,,,,,,,,,,,,,,,,,,,,"3",,,,,,
"Total","Total","1952Q1",,,,,,,,,,,,,,,,,,,,,,,,,,,,,,,,,,,,,,,,,,,,,,,,,,,,,,,,,,,,,,,,,,,,,,,,,,,,,,,,,,,,,,,,,,,,,,,"3.6",,,,,,
"Total","Total","1951Q4",,,,,,,,,,,,,,,,,,,,,,,,,,,,,,,,,,,,,,,,,,,,,,,,,,,,,,,,,,,,,,,,,,,,,,,,,,,,,,,,,,,,,,,,,,,,,,,"3",,,,,,
"Total","Total","1951Q3",,,,,,,,,,,,,,,,,,,,,,,,,,,,,,,,,,,,,,,,,,,,,,,,,,,,,,,,,,,,,,,,,,,,,,,,,,,,,,,,,,,,,,,,,,,,,,,"3.1",,,,,,
"Total","Total","1951Q2",,,,,,,,,,,,,,,,,,,,,,,,,,,,,,,,,,,,,,,,,,,,,,,,,,,,,,,,,,,,,,,,,,,,,,,,,,,,,,,,,,,,,,,,,,,,,,,"3.1",,,,,,
"Total","Total","1951Q1",,,,,,,,,,,,,,,,,,,,,,,,,,,,,,,,,,,,,,,,,,,,,,,,,,,,,,,,,,,,,,,,,,,,,,,,,,,,,,,,,,,,,,,,,,,,,,,"4.1",,,,,,
"Total","Total","1950Q4",,,,,,,,,,,,,,,,,,,,,,,,,,,,,,,,,,,,,,,,,,,,,,,,,,,,,,,,,,,,,,,,,,,,,,,,,,,,,,,,,,,,,,,,,,,,,,,"3.6",,,,,,
"Total","Total","1950Q3",,,,,,,,,,,,,,,,,,,,,,,,,,,,,,,,,,,,,,,,,,,,,,,,,,,,,,,,,,,,,,,,,,,,,,,,,,,,,,,,,,,,,,,,,,,,,,,"4.4",,,,,,
"Total","Total","1950Q2",,,,,,,,,,,,,,,,,,,,,,,,,,,,,,,,,,,,,,,,,,,,,,,,,,,,,,,,,,,,,,,,,,,,,,,,,,,,,,,,,,,,,,,,,,,,,,,"5.6",,,,,,
"Total","Total","1950Q1",,,,,,,,,,,,,,,,,,,,,,,,,,,,,,,,,,,,,,,,,,,,,,,,,,,,,,,,,,,,,,,,,,,,,,,,,,,,,,,,,,,,,,,,,,,,,,,"7.5",,,,,,
"Total","Total","1949Q4",,,,,,,,,,,,,,,,,,,,,,,,,,,,,,,,,,,,,,,,,,,,,,,,,,,,,,,,,,,,,,,,,,,,,,,,,,,,,,,,,,,,,,,,,,,,,,,"6",,,,,,
"Total","Total","1949Q3",,,,,,,,,,,,,,,,,,,,,,,,,,,,,,,,,,,,,,,,,,,,,,,,,,,,,,,,,,,,,,,,,,,,,,,,,,,,,,,,,,,,,,,,,,,,,,,"6.4",,,,,,
"Total","Total","1949Q2",,,,,,,,,,,,,,,,,,,,,,,,,,,,,,,,,,,,,,,,,,,,,,,,,,,,,,,,,,,,,,,,,,,,,,,,,,,,,,,,,,,,,,,,,,,,,,,"5.9",,,,,,
"Total","Total","1949Q1",,,,,,,,,,,,,,,,,,,,,,,,,,,,,,,,,,,,,,,,,,,,,,,,,,,,,,,,,,,,,,,,,,,,,,,,,,,,,,,,,,,,,,,,,,,,,,,"5.5",,,,,,
"Total","Total","1948Q4",,,,,,,,,,,,,,,,,,,,,,,,,,,,,,,,,,,,,,,,,,,,,,,,,,,,,,,,,,,,,,,,,,,,,,,,,,,,,,,,,,,,,,,,,,,,,,,"3.3",,,,,,
"Total","Total","1948Q3",,,,,,,,,,,,,,,,,,,,,,,,,,,,,,,,,,,,,,,,,,,,,,,,,,,,,,,,,,,,,,,,,,,,,,,,,,,,,,,,,,,,,,,,,,,,,,,"3.6",,,,,,
"Total","Total","1948Q2",,,,,,,,,,,,,,,,,,,,,,,,,,,,,,,,,,,,,,,,,,,,,,,,,,,,,,,,,,,,,,,,,,,,,,,,,,,,,,,,,,,,,,,,,,,,,,,"3.8",,,,,,
"Total","Total","1948Q1",,,,,,,,,,,,,,,,,,,,,,,,,,,,,,,,,,,,,,,,,,,,,,,,,,,,,,,,,,,,,,,,,,,,,,,,,,,,,,,,,,,,,,,,,,,,,,,"4.4",,,,,,
